stock_code,stock_name,industry,end_date,roe,netprofit_yoy,grossprofit_margin,debt_to_assets,ocf_to_revenue,roe_industry_pct,netprofit_yoy_industry_pct,grossprofit_margin_industry_pct,ocf_to_revenue_industry_pct,debt_to_assets_industry_pct,roe_industry_score,netprofit_yoy_industry_score,grossprofit_margin_industry_score,ocf_to_revenue_industry_score,debt_to_assets_industry_score,industry_score
300777.SZ,中简科技,SW1国防军工,2025-09-30,6.5699,23.14,63.9011,9.218,52.016,0.8582089552238806,0.8153846153846154,0.9626865671641791,0.9850746268656716,0.9477611940298507,5.0,5.0,5.0,5.0,5.0,25.0
688550.SH,瑞联新材,SW1电子,2025-09-30,8.9581,87.6,47.6387,10.2879,21.4526,0.8378947368421052,0.8657718120805369,0.9157894736842105,0.84,0.911578947368421,5.0,5.0,5.0,5.0,5.0,25.0
688616.SH,西力科技,SW1电力设备,2025-09-30,7.8918,39.47,29.564,18.2405,16.3079,0.8065395095367848,0.8062678062678063,0.8135135135135135,0.8648648648648649,0.9216216216216216,5.0,5.0,5.0,5.0,5.0,25.0
300641.SZ,正丹股份,SW1基础化工,2025-09-30,22.644,11949.3,43.4736,2.2521,52.2027,0.9975062344139651,1.0,0.9478908188585607,0.9900744416873449,0.9975186104218362,5.0,5.0,5.0,5.0,5.0,25.0
301033.SZ,迈普医学,SW1医药生物,2025-09-30,10.4552,92.9,80.8657,11.0359,33.607,0.8580508474576272,0.9137931034482759,0.919661733615222,0.9429175475687104,0.854122621564482,5.0,5.0,5.0,5.0,5.0,25.0
688578.SH,艾力斯,SW1医药生物,2025-09-30,27.4288,121.97,96.7918,10.4766,46.3523,0.9978813559322034,0.9331896551724138,0.9957716701902748,0.9915433403805497,0.8668076109936576,5.0,5.0,5.0,5.0,5.0,25.0
301061.SZ,匠心家居,SW1轻工制造,2025-09-30,17.2979,67.64,38.3601,21.3191,22.1628,0.974025974025974,0.9178082191780822,0.935064935064935,0.9155844155844156,0.8311688311688312,5.0,5.0,5.0,5.0,5.0,25.0
300394.SZ,天孚通信,SW1通信,2025-09-30,33.0869,83.98,51.8674,16.4521,34.3043,0.9834710743801653,0.8583333333333333,0.9421487603305785,0.9752066115702479,0.8347107438016529,5.0,5.0,5.0,5.0,5.0,25.0
000975.SZ,山金国际,SW1有色金属,2025-09-30,17.9497,54.95,28.3871,19.1615,24.6227,0.9481481481481482,0.8527131782945736,0.8222222222222222,0.8962962962962963,0.9185185185185185,5.0,5.0,5.0,5.0,5.0,25.0
003025.SZ,思进智能,SW1机械设备,2025-09-30,9.5936,86.27,37.6789,19.386,33.8361,0.8522727272727273,0.9122807017543859,0.8037735849056604,0.9660377358490566,0.839622641509434,5.0,5.0,5.0,5.0,5.0,25.0
600276.SH,恒瑞医药,SW1医药生物,2025-09-30,10.9521,48.14,86.2195,12.1401,39.2893,0.8665254237288136,0.8577586206896551,0.9492600422832981,0.9767441860465116,0.8266384778012685,5.0,5.0,5.0,5.0,5.0,25.0
603893.SH,瑞芯微,SW1电子,2025-09-30,20.029,341.01,41.7721,17.0845,26.9724,0.9831578947368421,0.9686800894854586,0.8757894736842106,0.9031578947368422,0.8105263157894737,5.0,5.0,5.0,5.0,5.0,25.0
002452.SZ,长高电气,SW1电力设备,2025-09-30,8.0959,47.57,39.4099,27.1465,23.0773,0.8147138964577657,0.8233618233618234,0.9378378378378378,0.9405405405405406,0.8351351351351352,5.0,5.0,5.0,5.0,5.0,25.0
002128.SZ,电投能源,SW1煤炭,2025-09-30,11.4643,16.94,35.5546,25.1754,35.0391,0.9696969696969697,0.8484848484848485,0.9090909090909091,1.0,0.8787878787878788,5.0,5.0,5.0,5.0,5.0,25.0
688008.SH,澜起科技,SW1电子,2025-09-30,13.796,197.18,61.4587,10.8681,39.4479,0.9473684210526315,0.9328859060402684,0.9873684210526316,0.9768421052631578,0.9010526315789473,5.0,5.0,5.0,5.0,5.0,25.0
688123.SH,聚辰股份,SW1电子,2025-09-30,13.6004,233.8,59.7834,6.2114,32.4277,0.9452631578947368,0.9395973154362416,0.9831578947368421,0.9452631578947368,0.9747368421052631,5.0,5.0,5.0,5.0,5.0,25.0
688088.SH,虹软科技,SW1计算机,2025-09-30,5.2679,100.19,88.157,12.0534,23.9695,0.8318318318318318,0.8773006134969326,0.972972972972973,0.924924924924925,0.8558558558558559,5.0,5.0,5.0,5.0,5.0,25.0
688089.SH,ST嘉必优,SW1基础化工,2025-09-30,8.125,39.09,48.6932,10.0624,40.62,0.8204488778054863,0.8041237113402062,0.9801488833746899,0.9801488833746899,0.9156327543424317,5.0,5.0,5.0,5.0,5.0,25.0
688049.SH,炬芯科技,SW1电子,2025-09-30,7.8598,63.83,50.9613,14.4085,31.619,0.8,0.8299776286353467,0.9389473684210526,0.9410526315789474,0.8378947368421052,5.0,5.0,5.0,5.0,5.0,25.0
002801.SZ,微光股份,SW1电力设备,2025-09-30,16.6524,92.42,31.0703,15.7062,13.1913,0.9727520435967303,0.8888888888888888,0.8405405405405405,0.8216216216216217,0.9405405405405405,5.0,5.0,5.0,5.0,5.0,25.0
603379.SH,三美股份,SW1基础化工,2025-09-30,22.6397,177.08,50.7298,17.4323,35.2429,0.9950124688279302,0.9510309278350515,0.9826302729528535,0.9652605459057072,0.8287841191066998,5.0,5.0,5.0,5.0,5.0,25.0
603508.SH,思维列控,SW1计算机,2025-09-30,9.2773,33.06,67.2218,7.2063,52.2198,0.924924924924925,0.8220858895705522,0.8888888888888888,0.990990990990991,0.93993993993994,5.0,5.0,5.0,5.0,5.0,25.0
002558.SZ,巨人网络,SW1传媒,2025-09-30,10.1224,31.06,90.6154,16.4042,54.959,0.8923076923076924,0.8604651162790697,0.9846153846153847,0.9538461538461539,0.8615384615384616,5.0,5.0,5.0,5.0,5.0,25.0
300628.SZ,亿联网络,SW1通信,2025-09-30,22.2237,31.72,63.9456,11.3367,33.9591,0.9504132231404959,0.7,1.0,0.9669421487603306,0.9338842975206612,5.0,4.0,5.0,5.0,5.0,24.0
300811.SZ,铂科新材,SW1有色金属,2025-09-30,11.2728,46.24,40.5263,23.1879,24.1252,0.8148148148148148,0.7984496124031008,0.9185185185185185,0.8888888888888888,0.8740740740740741,5.0,4.0,5.0,5.0,5.0,24.0
688526.SH,科前生物,SW1农林牧渔,2025-09-30,8.3273,-3.56,66.9592,12.2072,42.7876,0.8282828282828283,0.7572815533980582,1.0,0.9509803921568627,0.941747572815534,5.0,4.0,5.0,5.0,5.0,24.0
688522.SH,纳睿雷达,SW1国防军工,2025-09-30,3.2456,21.03,70.0566,13.5696,30.3214,0.6417910447761194,0.8,0.9925373134328358,0.9253731343283582,0.8582089552238806,4.0,5.0,5.0,5.0,5.0,24.0
300308.SZ,中际旭创,SW1通信,2025-09-30,31.3331,143.33,40.7411,29.4734,21.8151,0.9752066115702479,0.9,0.8429752066115702,0.8925619834710744,0.6611570247933884,5.0,5.0,5.0,5.0,4.0,24.0
600007.SH,中国国贸,SW1房地产,2025-09-30,9.8266,0.27,59.1266,17.5437,48.1483,0.9775280898876404,0.6736842105263158,0.9894736842105263,0.9157894736842105,0.9894736842105263,5.0,4.0,5.0,5.0,5.0,24.0
300357.SZ,我武生物,SW1医药生物,2025-09-30,13.8238,2.98,95.3742,5.5987,33.619,0.9364406779661016,0.6077586206896551,0.9915433403805497,0.945031712473573,0.9661733615221987,5.0,4.0,5.0,5.0,5.0,24.0
300360.SZ,炬华科技,SW1电力设备,2025-09-30,11.7403,10.07,43.36,14.4217,19.6054,0.9209809264305178,0.6524216524216524,0.9621621621621622,0.9216216216216216,0.9513513513513514,5.0,4.0,5.0,5.0,5.0,24.0
301345.SZ,涛涛车业,SW1汽车,2025-09-30,18.3899,53.76,42.3095,34.8772,22.0733,0.9642857142857143,0.8609022556390977,0.9893617021276596,0.9326241134751773,0.677304964539007,5.0,5.0,5.0,5.0,4.0,24.0
301498.SZ,乖宝宠物,SW1农林牧渔,2025-09-30,11.9041,45.78,42.8266,18.7805,10.5116,0.9090909090909091,0.883495145631068,0.9509803921568627,0.6274509803921569,0.8640776699029127,5.0,5.0,5.0,4.0,5.0,24.0
300502.SZ,新易盛,SW1通信,2025-09-30,55.3742,312.26,47.247,31.992,28.0974,1.0,0.9583333333333334,0.8925619834710744,0.9338842975206612,0.6198347107438016,5.0,5.0,5.0,5.0,4.0,24.0
000752.SZ,*ST西发,SW1食品饮料,2025-09-30,38.5122,351.42,42.7305,16.6706,31.1558,0.9836065573770492,0.9752066115702479,0.6721311475409836,0.9508196721311475,0.8032786885245902,5.0,5.0,4.0,5.0,5.0,24.0
301059.SZ,金三江,SW1基础化工,2025-09-30,8.8705,52.54,39.5549,26.2798,22.9966,0.8503740648379052,0.8427835051546392,0.9280397022332506,0.9032258064516129,0.7047146401985112,5.0,5.0,5.0,5.0,4.0,24.0
300408.SZ,三环集团,SW1电子,2025-09-30,9.5848,38.35,42.4885,17.2364,30.583,0.8631578947368421,0.7718120805369127,0.8842105263157894,0.9326315789473684,0.8042105263157895,5.0,4.0,5.0,5.0,5.0,24.0
300548.SZ,长芯博创,SW1通信,2025-09-30,13.7974,84.73,39.9015,31.2848,25.909,0.9090909090909091,0.8666666666666667,0.8099173553719008,0.9173553719008265,0.6363636363636364,5.0,5.0,5.0,5.0,4.0,24.0
301262.SZ,海看股份,SW1传媒,2025-09-30,8.4529,-2.38,54.8129,9.7558,53.5265,0.823076923076923,0.7131782945736435,0.8307692307692308,0.9461538461538461,0.9538461538461538,5.0,4.0,5.0,5.0,5.0,24.0
301101.SZ,明月镜片,SW1轻工制造,2025-09-30,8.8023,8.77,57.9485,12.2572,25.6427,0.8181818181818182,0.6575342465753424,1.0,0.935064935064935,0.935064935064935,5.0,4.0,5.0,5.0,5.0,24.0
688617.SH,惠泰医疗,SW1医药生物,2025-09-30,22.6443,26.05,73.1887,12.2373,36.2025,0.9872881355932204,0.7758620689655172,0.8224101479915433,0.9619450317124736,0.8245243128964059,5.0,4.0,5.0,5.0,5.0,24.0
301023.SZ,奕帆传动,SW1电力设备,2025-09-30,6.9929,100.25,43.2159,8.2512,24.2068,0.7411444141689373,0.9031339031339032,0.9594594594594594,0.9459459459459459,0.9783783783783784,4.0,5.0,5.0,5.0,5.0,24.0
600301.SH,华锡有色,SW1有色金属,2025-09-30,11.6382,77.53,34.3737,35.0335,21.4394,0.8222222222222222,0.875968992248062,0.8592592592592593,0.8518518518518519,0.6962962962962963,5.0,5.0,5.0,5.0,4.0,24.0
002871.SZ,伟隆股份,SW1机械设备,2025-09-30,10.4719,9.12,40.9077,20.5544,17.6457,0.8806818181818182,0.6764132553606238,0.8584905660377359,0.8283018867924529,0.8150943396226416,5.0,4.0,5.0,5.0,5.0,24.0
601020.SH,华钰矿业,SW1有色金属,2025-09-30,20.9542,729.74,51.0184,38.11,45.4196,0.9777777777777777,0.9922480620155039,0.9481481481481482,0.9851851851851852,0.6444444444444444,5.0,5.0,5.0,5.0,4.0,24.0
601088.SH,中国神华,SW1煤炭,2025-09-30,9.3466,-1.05,36.0449,24.3612,30.6135,0.9393939393939394,0.7878787878787878,0.9393939393939394,0.9696969696969697,0.9090909090909091,5.0,4.0,5.0,5.0,5.0,24.0
600897.SH,厦门空港,SW1交通运输,2025-09-30,8.3683,22.12,37.8178,17.21,34.7963,0.816,0.8145161290322581,0.816,0.728,0.888,5.0,5.0,5.0,4.0,5.0,24.0
603160.SH,汇顶科技,SW1电子,2025-09-30,7.4971,265.77,42.8628,14.8618,20.6659,0.7852631578947369,0.9485458612975392,0.8905263157894737,0.8294736842105264,0.8336842105263158,4.0,5.0,5.0,5.0,5.0,24.0
002972.SZ,科安达,SW1机械设备,2025-09-30,4.9689,41.11,61.3304,14.6547,46.7409,0.6268939393939394,0.847953216374269,0.9830188679245283,0.9867924528301887,0.9188679245283019,4.0,5.0,5.0,5.0,5.0,24.0
603040.SH,新坐标,SW1汽车,2025-09-30,14.908,17.91,54.3632,13.3155,39.5284,0.9392857142857143,0.6804511278195489,0.9964539007092199,1.0,0.9609929078014184,5.0,4.0,5.0,5.0,5.0,24.0
603005.SH,晶方科技,SW1电子,2025-09-30,6.2143,62.18,47.753,12.8014,29.0546,0.6989473684210527,0.825503355704698,0.92,0.9242105263157895,0.8757894736842106,4.0,5.0,5.0,5.0,5.0,24.0
688318.SH,财富趋势,SW1计算机,2025-09-30,5.0353,-2.11,78.5216,4.7578,27.3963,0.8138138138138138,0.6656441717791411,0.9429429429429429,0.9429429429429429,0.9819819819819819,5.0,4.0,5.0,5.0,5.0,24.0
688314.SH,康拓医疗,SW1医药生物,2025-09-30,11.5897,17.67,78.6935,12.7175,34.2841,0.8834745762711864,0.7262931034482759,0.8964059196617337,0.9513742071881607,0.8160676532769556,5.0,4.0,5.0,5.0,5.0,24.0
688312.SH,燕麦科技,SW1机械设备,2025-09-30,6.6443,39.83,50.3823,18.2058,22.3464,0.7310606060606061,0.8401559454191033,0.9584905660377359,0.8924528301886793,0.8566037735849057,4.0,5.0,5.0,5.0,5.0,24.0
300002.SZ,神州泰岳,SW1传媒,2025-09-30,9.9269,61.25,58.5833,11.0913,15.9447,0.8769230769230769,0.9069767441860465,0.8615384615384616,0.7307692307692307,0.9307692307692308,5.0,5.0,5.0,4.0,5.0,24.0
600598.SH,北大荒,SW1农林牧渔,2025-09-30,16.9648,0.2,40.6123,25.656,72.7275,0.9797979797979798,0.7864077669902912,0.9215686274509803,1.0,0.8252427184466019,5.0,4.0,5.0,5.0,5.0,24.0
600519.SH,贵州茅台,SW1食品饮料,2025-09-30,26.3688,15.24,91.2934,12.8088,29.1793,0.9590163934426229,0.6446280991735537,1.0,0.9098360655737705,0.8770491803278688,5.0,4.0,5.0,5.0,5.0,24.0
600988.SH,赤峰黄金,SW1有色金属,2025-09-30,20.1391,128.0,49.8932,33.8538,35.1178,0.9703703703703703,0.9224806201550387,0.9407407407407408,0.9407407407407408,0.7111111111111111,5.0,5.0,5.0,5.0,4.0,24.0
300018.SZ,中元股份,SW1电力设备,2025-09-30,8.4266,27.18,50.2598,16.578,31.8248,0.8256130790190735,0.7635327635327636,0.9837837837837838,0.9783783783783784,0.9297297297297298,5.0,4.0,5.0,5.0,5.0,24.0
603568.SH,伟明环保,SW1环保,2025-09-30,15.2835,33.47,49.5734,44.8693,39.0521,0.9846153846153847,0.8294573643410853,0.9538461538461539,0.8846153846153846,0.6461538461538461,5.0,5.0,5.0,5.0,4.0,24.0
000833.SZ,粤桂股份,SW1综合,2025-09-30,11.9019,316.14,38.7456,34.8769,16.5415,1.0,0.9,0.9,0.85,0.7,5.0,5.0,5.0,5.0,4.0,24.0
603193.SH,润本股份,SW1美容护理,2025-09-30,12.5111,32.8,58.2739,5.812,17.7863,0.8888888888888888,0.8214285714285714,0.7142857142857143,0.8928571428571429,0.9285714285714286,5.0,5.0,4.0,5.0,5.0,24.0
603235.SH,天新药业,SW1基础化工,2025-09-30,9.7925,36.85,45.3417,19.3628,30.0777,0.8703241895261845,0.7938144329896907,0.9602977667493796,0.9429280397022333,0.8138957816377171,5.0,4.0,5.0,5.0,5.0,24.0
688334.SH,西高院,SW1社会服务,2025-09-30,7.0085,20.57,55.0946,16.7408,54.1692,0.6923076923076923,0.8333333333333334,0.825,0.95,0.85,4.0,5.0,5.0,5.0,5.0,24.0
002625.SZ,光启技术,SW1国防军工,2025-09-30,6.5579,11.79,51.1436,16.1249,15.3325,0.8507462686567164,0.7307692307692307,0.9029850746268657,0.835820895522388,0.835820895522388,5.0,4.0,5.0,5.0,5.0,24.0
002773.SZ,康弘药业,SW1医药生物,2025-09-30,11.593,14.15,90.3286,7.2946,38.8611,0.885593220338983,0.6853448275862069,0.9682875264270613,0.9725158562367865,0.9408033826638478,5.0,4.0,5.0,5.0,5.0,24.0
688267.SH,中触媒,SW1基础化工,2025-09-30,6.2028,89.21,45.7655,7.3195,43.5449,0.7032418952618454,0.8994845360824743,0.9702233250620348,0.9851116625310173,0.967741935483871,4.0,5.0,5.0,5.0,5.0,24.0
001216.SZ,华瓷股份,SW1轻工制造,2025-09-30,10.6972,12.87,33.5938,17.04,25.5742,0.8961038961038961,0.7054794520547946,0.8246753246753247,0.9285714285714286,0.8961038961038961,5.0,4.0,5.0,5.0,5.0,24.0
603986.SH,兆易创新,SW1电子,2025-09-30,6.2446,583.18,38.5883,11.352,26.2843,0.7010526315789474,0.9865771812080537,0.8273684210526315,0.8968421052631579,0.8947368421052632,4.0,5.0,5.0,5.0,5.0,24.0
002001.SZ,新 和 成,SW1基础化工,2025-09-30,17.2953,116.37,45.5478,28.2463,33.9031,0.9775561097256857,0.9149484536082474,0.967741935483871,0.9578163771712159,0.662531017369727,5.0,5.0,5.0,5.0,4.0,24.0
001337.SZ,四川黄金,SW1有色金属,2025-09-30,23.1395,17.67,64.1119,23.9828,51.0443,0.9851851851851852,0.6744186046511628,0.9925925925925926,0.9925925925925926,0.8518518518518519,5.0,4.0,5.0,5.0,5.0,24.0
002315.SZ,焦点科技,SW1商贸零售,2025-09-30,16.2309,18.89,79.5233,38.2739,29.6215,0.98989898989899,0.8080808080808081,0.98989898989899,0.9090909090909091,0.6767676767676767,5.0,5.0,5.0,5.0,4.0,24.0
002322.SZ,理工能科,SW1计算机,2025-09-30,4.7709,12.84,68.5767,10.066,37.6119,0.8078078078078078,0.7576687116564417,0.9009009009009009,0.975975975975976,0.8858858858858859,5.0,4.0,5.0,5.0,5.0,24.0
002550.SZ,千红制药,SW1医药生物,2025-09-30,14.5484,86.48,57.7132,8.4849,23.9789,0.9533898305084746,0.9051724137931034,0.6194503171247357,0.8118393234672304,0.9154334038054969,5.0,5.0,4.0,5.0,5.0,24.0
002546.SZ,新联电子,SW1电力设备,2025-09-30,15.1452,346.24,37.1747,8.2073,11.6264,0.9591280653950953,0.9743589743589743,0.927027027027027,0.7891891891891892,0.981081081081081,5.0,5.0,5.0,4.0,5.0,24.0
605183.SH,XD确成股,SW1基础化工,2025-09-30,11.4239,31.06,35.6356,11.7376,31.188,0.9152119700748129,0.7654639175257731,0.8982630272952854,0.9454094292803971,0.9057071960297767,5.0,4.0,5.0,5.0,5.0,24.0
605155.SH,西大门,SW1轻工制造,2025-09-30,6.7596,38.95,44.6639,6.8918,20.9818,0.7142857142857143,0.8287671232876712,0.9675324675324676,0.8831168831168831,0.9805194805194806,4.0,5.0,5.0,5.0,5.0,24.0
605080.SH,浙江自然,SW1轻工制造,2025-09-30,8.6181,48.03,34.0022,10.8007,30.7181,0.7987012987012987,0.8493150684931506,0.8311688311688312,0.974025974025974,0.9545454545454546,4.0,5.0,5.0,5.0,5.0,24.0
605198.SH,安德利,SW1农林牧渔,2025-09-30,10.5473,2.03,24.3844,6.2449,63.6874,0.8888888888888888,0.8058252427184466,0.7745098039215687,0.9901960784313726,0.9805825242718447,5.0,5.0,4.0,5.0,5.0,24.0
688093.SH,世华科技,SW1电子,2025-09-30,13.232,44.56,57.7847,5.1536,33.9092,0.9431578947368421,0.7941834451901566,0.9789473684210527,0.9515789473684211,0.9873684210526316,5.0,4.0,5.0,5.0,5.0,24.0
688018.SH,乐鑫科技,SW1电子,2025-09-30,11.6517,148.9,46.1698,12.7441,16.2148,0.9157894736842105,0.912751677852349,0.9052631578947369,0.7536842105263157,0.8778947368421053,5.0,5.0,5.0,4.0,5.0,24.0
688080.SH,映翰通,SW1通信,2025-09-30,9.4697,38.91,49.3221,17.0716,15.9269,0.8429752066115702,0.7416666666666667,0.9090909090909091,0.8016528925619835,0.8181818181818181,5.0,4.0,5.0,5.0,5.0,24.0
688041.SH,海光信息,SW1电子,2025-09-30,9.3075,59.71,60.0972,24.1243,23.7567,0.8547368421052631,0.8165548098434005,0.9852631578947368,0.8736842105263158,0.6926315789473685,5.0,5.0,5.0,5.0,4.0,24.0
688150.SH,莱特光电,SW1电子,2025-09-30,10.0259,117.17,74.1745,17.7493,40.2195,0.8757894736842106,0.8926174496644296,0.9936842105263158,0.9831578947368421,0.791578947368421,5.0,5.0,5.0,5.0,4.0,24.0
688109.SH,品茗科技,SW1计算机,2025-09-30,6.1291,153.27,75.0785,12.8838,9.6167,0.8588588588588588,0.9233128834355828,0.933933933933934,0.7837837837837838,0.8438438438438438,5.0,5.0,5.0,4.0,5.0,24.0
688188.SH,柏楚电子,SW1计算机,2025-09-30,15.7524,23.68,78.0928,4.9413,48.4446,0.993993993993994,0.7914110429447853,0.93993993993994,0.987987987987988,0.975975975975976,5.0,4.0,5.0,5.0,5.0,24.0
688253.SH,英诺特,SW1医药生物,2025-09-30,6.5176,41.92,78.3165,5.7638,25.9306,0.6970338983050848,0.8491379310344828,0.8900634249471459,0.8477801268498943,0.9619450317124736,4.0,5.0,5.0,5.0,5.0,24.0
300896.SZ,爱美客,SW1美容护理,2025-09-30,14.3967,5.47,93.3619,8.2004,57.5118,0.9259259259259259,0.6071428571428571,1.0,1.0,0.8928571428571429,5.0,4.0,5.0,5.0,5.0,24.0
688591.SH,泰凌微,SW1电子,2025-09-30,5.7979,95.71,50.7236,5.6589,23.4039,0.6610526315789473,0.8814317673378076,0.9347368421052632,0.8631578947368421,0.9831578947368421,4.0,5.0,5.0,5.0,5.0,24.0
688582.SH,芯动联科,SW1电子,2025-09-30,10.0646,34.33,86.0729,3.1301,59.0445,0.8778947368421053,0.7427293064876958,1.0,0.9957894736842106,0.9936842105263158,5.0,4.0,5.0,5.0,5.0,24.0
000423.SZ,东阿阿胶,SW1医药生物,2025-09-30,12.5724,35.19,73.6853,21.771,27.4787,0.9110169491525424,0.8168103448275862,0.8308668076109936,0.8710359408033826,0.613107822410148,5.0,5.0,5.0,5.0,4.0,24.0
300832.SZ,新产业,SW1医药生物,2025-09-30,13.9111,10.57,68.7277,8.6874,31.0481,0.9385593220338984,0.6573275862068966,0.7758985200845666,0.919661733615222,0.9069767441860466,5.0,4.0,4.0,5.0,5.0,23.0
688608.SH,恒玄科技,SW1电子,2025-09-30,7.4712,272.47,38.5115,7.5945,12.9207,0.7810526315789473,0.9530201342281879,0.8231578947368421,0.6568421052631579,0.9515789473684211,4.0,5.0,5.0,4.0,5.0,23.0
688657.SH,浩辰软件,SW1计算机,2025-09-30,2.9433,16.99,91.8654,6.3083,19.262,0.7207207207207207,0.7791411042944786,0.990990990990991,0.8858858858858859,0.954954954954955,4.0,4.0,5.0,5.0,5.0,23.0
000655.SZ,金岭矿业,SW1钢铁,2025-09-30,6.4219,-12.79,25.768,11.9164,16.7128,0.7142857142857143,0.6046511627906976,0.9069767441860465,0.8837209302325582,0.9767441860465116,4.0,4.0,5.0,5.0,5.0,23.0
300726.SZ,宏达电子,SW1国防军工,2025-09-30,6.5771,-37.0,58.2437,11.5642,20.8113,0.8656716417910447,0.5076923076923077,0.9402985074626866,0.8731343283582089,0.9104477611940298,5.0,3.0,5.0,5.0,5.0,23.0
300685.SZ,艾德生物,SW1医药生物,2025-09-30,13.8082,-2.53,83.7437,12.7886,31.8133,0.934322033898305,0.5495689655172413,0.9365750528541226,0.9238900634249472,0.8118393234672304,5.0,3.0,5.0,5.0,5.0,23.0
688195.SH,腾景科技,SW1电子,2025-09-30,6.7619,64.94,39.1227,27.8687,22.2516,0.7389473684210527,0.8344519015659956,0.8378947368421052,0.848421052631579,0.631578947368421,4.0,5.0,5.0,5.0,4.0,23.0
301003.SZ,江苏博云,SW1基础化工,2025-09-30,7.0276,22.24,32.1893,5.0665,32.2958,0.7630922693266833,0.729381443298969,0.858560794044665,0.9503722084367245,0.9875930521091811,4.0,4.0,5.0,5.0,5.0,23.0
301000.SZ,肇民科技,SW1汽车,2025-09-30,8.9094,38.06,33.0598,14.6497,12.2191,0.7321428571428571,0.8082706766917294,0.9326241134751773,0.6702127659574468,0.9468085106382979,4.0,5.0,5.0,4.0,5.0,23.0
301077.SZ,星华新材,SW1基础化工,2025-09-30,9.1024,51.93,34.2179,36.5956,23.01,0.85785536159601,0.8402061855670103,0.8808933002481389,0.9057071960297767,0.5136476426799008,5.0,5.0,5.0,5.0,3.0,23.0
301185.SZ,鸥玛软件,SW1计算机,2025-09-30,4.1552,-8.35,63.1811,2.9529,28.0711,0.7777777777777778,0.6380368098159509,0.8738738738738738,0.9459459459459459,0.990990990990991,4.0,4.0,5.0,5.0,5.0,23.0
300515.SZ,三德科技,SW1机械设备,2025-09-30,13.7944,163.18,56.4232,35.3072,23.1977,0.9526515151515151,0.9629629629629629,0.9773584905660377,0.8981132075471698,0.5792452830188679,5.0,5.0,5.0,5.0,3.0,23.0
301161.SZ,唯万密封,SW1机械设备,2025-09-30,7.3461,107.96,42.399,26.1301,16.4899,0.7727272727272727,0.9239766081871345,0.879245283018868,0.8169811320754717,0.7264150943396226,4.0,5.0,5.0,5.0,4.0,23.0
301233.SZ,盛帮股份,SW1汽车,2025-09-30,7.1653,35.88,37.486,9.8342,16.1029,0.6178571428571429,0.793233082706767,0.9787234042553191,0.8191489361702128,0.9787234042553191,4.0,4.0,5.0,5.0,5.0,23.0
300470.SZ,中密控股,SW1机械设备,2025-09-30,10.2054,13.29,44.0063,19.5362,11.6692,0.875,0.7134502923976608,0.9150943396226415,0.7037735849056603,0.8358490566037736,5.0,4.0,5.0,4.0,5.0,23.0
300468.SZ,四方精创,SW1计算机,2025-09-30,4.0705,42.18,40.8915,5.7945,13.0899,0.7687687687687688,0.8312883435582822,0.6216216216216216,0.8408408408408409,0.9669669669669669,4.0,5.0,4.0,5.0,5.0,23.0
300573.SZ,兴齐眼药,SW1医药生物,2025-09-30,34.7146,40.84,81.3277,23.2356,30.1787,1.0,0.8448275862068966,0.9238900634249472,0.9069767441860465,0.5813953488372092,5.0,5.0,5.0,5.0,3.0,23.0
301318.SZ,维海德,SW1计算机,2025-09-30,4.6342,51.36,43.6173,8.3533,24.0074,0.7987987987987988,0.8466257668711656,0.6426426426426426,0.9279279279279279,0.9129129129129129,4.0,5.0,4.0,5.0,5.0,23.0
301300.SZ,远翔新材,SW1基础化工,2025-09-30,8.0549,40.15,29.1639,15.4803,16.2065,0.8154613466334164,0.8092783505154639,0.794044665012407,0.7965260545905707,0.8461538461538461,5.0,5.0,4.0,4.0,5.0,23.0
688127.SH,蓝特光学,SW1电子,2025-09-30,13.0001,22.4,40.9227,25.2348,37.048,0.9347368421052632,0.6823266219239373,0.8694736842105263,0.968421052631579,0.671578947368421,5.0,4.0,5.0,5.0,4.0,23.0
002027.SZ,分众传媒,SW1传媒,2025-09-30,25.3203,5.67,70.4007,29.2608,55.2865,0.9923076923076923,0.7906976744186046,0.9230769230769231,0.9615384615384616,0.6307692307692307,5.0,4.0,5.0,5.0,4.0,23.0
688200.SH,华峰测控,SW1电子,2025-09-30,10.3859,32.69,74.3008,7.2073,13.4657,0.8863157894736842,0.7404921700223713,0.9957894736842106,0.6736842105263158,0.9621052631578947,5.0,4.0,5.0,4.0,5.0,23.0
688581.SH,安杰思,SW1医药生物,2025-09-30,7.2467,35.06,70.5114,4.1728,26.0465,0.7563559322033898,0.8146551724137931,0.7949260042283298,0.8498942917547568,0.9915433403805497,4.0,5.0,4.0,5.0,5.0,23.0
688566.SH,吉贝尔,SW1医药生物,2025-09-30,8.5484,0.1,89.6856,10.2236,23.79,0.8177966101694916,0.5818965517241379,0.9619450317124736,0.8054968287526427,0.8710359408033826,5.0,3.0,5.0,5.0,5.0,23.0
000791.SZ,甘肃能源,SW1公用事业,2025-09-30,11.2351,45.82,44.083,53.5617,64.5916,0.9037037037037037,0.8962962962962963,0.8529411764705882,0.8676470588235294,0.5367647058823529,5.0,5.0,5.0,5.0,3.0,23.0
000786.SZ,北新建材,SW1建筑材料,2025-09-30,9.8521,4.82,29.5311,23.7529,7.7329,0.9295774647887324,0.8732394366197183,0.8591549295774648,0.5774647887323944,0.8732394366197183,5.0,5.0,5.0,3.0,5.0,23.0
300508.SZ,维宏股份,SW1计算机,2025-09-30,9.2269,142.86,54.4702,20.3728,13.896,0.9219219219219219,0.9141104294478528,0.7897897897897898,0.8468468468468469,0.6966966966966968,5.0,5.0,4.0,5.0,4.0,23.0
301289.SZ,国缆检测,SW1社会服务,2025-09-30,6.7206,4.04,60.1166,19.0921,38.2153,0.6666666666666666,0.6794871794871795,0.9,0.8125,0.8,4.0,4.0,5.0,5.0,5.0,23.0
301286.SZ,侨源股份,SW1基础化工,2025-09-30,9.8739,-26.43,36.2265,7.9965,19.1126,0.8753117206982544,0.4329896907216495,0.9081885856079405,0.8635235732009926,0.9478908188585607,5.0,3.0,5.0,5.0,5.0,23.0
301373.SZ,凌玮科技,SW1基础化工,2025-09-30,6.3528,8.01,44.7386,10.2366,18.1924,0.71571072319202,0.6211340206185567,0.9578163771712159,0.8461538461538461,0.913151364764268,4.0,4.0,5.0,5.0,5.0,23.0
301365.SZ,矩阵股份,SW1建筑装饰,2025-09-30,3.9335,-0.76,40.2377,19.6258,30.3895,0.6666666666666666,0.6620689655172414,0.9724137931034482,0.9452054794520548,0.9657534246575342,4.0,4.0,5.0,5.0,5.0,23.0
301361.SZ,众智科技,SW1电力设备,2025-09-30,5.9927,8.95,58.9718,4.5102,24.7886,0.6866485013623979,0.6367521367521367,0.9972972972972973,0.9513513513513514,0.9972972972972973,4.0,4.0,5.0,5.0,5.0,23.0
300354.SZ,东华测试,SW1机械设备,2025-09-30,12.8462,37.92,67.4603,11.3077,7.5687,0.9356060606060606,0.834307992202729,0.9943396226415094,0.5735849056603773,0.9566037735849057,5.0,5.0,5.0,3.0,5.0,23.0
300445.SZ,康斯特,SW1机械设备,2025-09-30,7.6485,25.08,65.4257,8.4715,34.9821,0.7897727272727273,0.7719298245614035,0.9905660377358491,0.969811320754717,0.9867924528301887,4.0,4.0,5.0,5.0,5.0,23.0
301566.SZ,达利凯普,SW1电子,2025-09-30,9.0631,-8.86,66.7664,4.8805,39.2002,0.8463157894736842,0.4988814317673378,0.9894736842105263,0.9747368421052631,0.9894736842105263,5.0,3.0,5.0,5.0,5.0,23.0
301550.SZ,斯菱智驱,SW1汽车,2025-09-30,7.8341,26.91,34.3348,18.075,26.3315,0.6714285714285714,0.7330827067669173,0.9432624113475178,0.9609929078014184,0.900709219858156,4.0,4.0,5.0,5.0,5.0,23.0
002170.SZ,芭田股份,SW1基础化工,2025-09-30,19.9879,57.86,35.3279,35.743,22.5091,0.9875311720698254,0.8479381443298969,0.8933002481389578,0.8982630272952854,0.5384615384615384,5.0,5.0,5.0,5.0,3.0,23.0
002159.SZ,三特索道,SW1社会服务,2025-09-30,9.7757,16.87,61.3131,19.2823,38.3577,0.8205128205128205,0.782051282051282,0.925,0.825,0.7875,5.0,4.0,5.0,5.0,4.0,23.0
688013.SH,天臣医疗,SW1医药生物,2025-09-30,12.1834,9.69,63.221,11.3023,26.1591,0.9004237288135594,0.6508620689655172,0.693446088794926,0.854122621564482,0.8435517970401691,5.0,4.0,4.0,5.0,5.0,23.0
300286.SZ,安科瑞,SW1电力设备,2025-09-30,10.632,-15.67,47.7318,15.397,16.4699,0.9046321525885559,0.49572649572649574,0.9783783783783784,0.8702702702702703,0.9459459459459459,5.0,3.0,5.0,5.0,5.0,23.0
600236.SH,桂冠电力,SW1公用事业,2025-09-30,12.5275,88.22,55.6116,55.2408,71.9467,0.9481481481481482,0.9333333333333333,0.9632352941176471,0.9117647058823529,0.4632352941176471,5.0,5.0,5.0,5.0,3.0,23.0
600219.SH,南山铝业,SW1有色金属,2025-09-30,7.3728,48.81,26.6309,17.5647,23.6298,0.5703703703703704,0.8217054263565892,0.8074074074074075,0.8814814814814815,0.9333333333333333,3.0,5.0,5.0,5.0,5.0,23.0
300304.SZ,云意电气,SW1汽车,2025-09-30,10.4214,32.03,34.1459,22.1388,14.6844,0.8357142857142857,0.7706766917293233,0.9361702127659575,0.7695035460992907,0.8475177304964538,5.0,4.0,5.0,4.0,5.0,23.0
600176.SH,中国巨石,SW1建筑材料,2025-09-30,8.331,-19.89,32.4226,39.3985,15.3536,0.9014084507042254,0.7183098591549296,0.9436619718309859,0.8309859154929577,0.647887323943662,5.0,4.0,5.0,5.0,4.0,23.0
600329.SH,达仁堂,SW1医药生物,2025-09-30,25.5407,128.68,74.983,22.1064,16.0859,0.9936440677966102,0.9375,0.8477801268498943,0.6236786469344608,0.602536997885835,5.0,5.0,5.0,4.0,4.0,23.0
300251.SZ,光线传媒,SW1传媒,2025-09-30,23.9371,-30.51,73.2428,12.6309,84.3701,0.9846153846153847,0.4806201550387597,0.9307692307692308,0.9923076923076923,0.9,5.0,3.0,5.0,5.0,5.0,23.0
300033.SZ,同花顺,SW1计算机,2025-09-30,15.5872,30.0,89.0408,34.4901,67.3406,0.990990990990991,0.8159509202453987,0.975975975975976,0.996996996996997,0.4414414414414415,5.0,5.0,5.0,5.0,3.0,23.0
300113.SZ,顺网科技,SW1传媒,2025-09-30,13.618,46.72,45.3264,14.9854,14.949,0.9153846153846154,0.875968992248062,0.7538461538461538,0.7076923076923077,0.8769230769230769,5.0,5.0,4.0,4.0,5.0,23.0
300054.SZ,鼎龙股份,SW1电子,2025-09-30,10.9671,122.0,50.823,41.1127,28.5454,0.9031578947368422,0.8970917225950783,0.9368421052631579,0.92,0.41263157894736846,5.0,5.0,5.0,5.0,3.0,23.0
600885.SH,宏发股份,SW1电力设备,2025-09-30,14.7361,12.76,34.6312,36.5358,12.1801,0.9536784741144414,0.6837606837606838,0.9027027027027027,0.8,0.7351351351351352,5.0,4.0,5.0,5.0,4.0,23.0
605305.SH,中际联合,SW1机械设备,2025-09-30,16.12,52.2,50.5966,22.3428,13.583,0.9734848484848485,0.8791423001949318,0.9622641509433962,0.7452830188679245,0.790566037735849,5.0,5.0,5.0,4.0,4.0,23.0
688025.SH,杰普特,SW1机械设备,2025-09-30,9.6117,19.0,40.58,29.1811,25.3552,0.8560606060606061,0.7446393762183235,0.8547169811320755,0.9207547169811321,0.679245283018868,5.0,4.0,5.0,5.0,4.0,23.0
688486.SH,龙迅股份,SW1电子,2025-09-30,8.4645,40.62,55.9357,4.7528,18.0795,0.8147368421052632,0.7785234899328859,0.9726315789473684,0.7873684210526316,0.991578947368421,5.0,4.0,5.0,4.0,5.0,23.0
600938.SH,中国海油,SW1石油石化,2025-09-30,13.3025,11.2,52.2385,30.0856,54.9592,1.0,0.7446808510638298,0.9787234042553191,0.9574468085106383,0.7659574468085106,5.0,4.0,5.0,5.0,4.0,23.0
601083.SH,锦江航运,SW1交通运输,2025-09-30,13.3437,37.9,33.5535,18.569,33.3382,0.952,0.8870967741935484,0.768,0.696,0.872,5.0,5.0,4.0,4.0,5.0,23.0
601001.SH,晋控煤业,SW1煤炭,2025-09-30,6.8464,-13.1,37.3606,21.166,16.2028,0.8181818181818182,0.6666666666666666,0.9696969696969697,0.7272727272727273,0.9393939393939394,5.0,4.0,5.0,4.0,5.0,23.0
002947.SZ,恒铭达,SW1电子,2025-09-30,12.7058,61.84,33.39,23.7149,35.8715,0.9326315789473684,0.8232662192393736,0.7305263157894737,0.9578947368421052,0.7052631578947368,5.0,5.0,4.0,5.0,4.0,23.0
003008.SZ,开普检测,SW1社会服务,2025-09-30,5.4319,45.52,67.5736,4.1608,47.2716,0.5897435897435898,0.8717948717948718,0.95,0.925,0.9875,3.0,5.0,5.0,5.0,5.0,23.0
002884.SZ,凌霄泵业,SW1机械设备,2025-09-30,15.1749,15.3,36.2753,6.8503,23.5455,0.9696969696969697,0.7407407407407407,0.7679245283018868,0.9056603773584906,0.9924528301886792,5.0,4.0,4.0,5.0,5.0,23.0
002980.SZ,华盛昌,SW1电力设备,2025-09-30,5.9701,28.76,43.8415,26.093,14.4204,0.6757493188010899,0.7749287749287749,0.9675675675675676,0.8351351351351352,0.845945945945946,4.0,4.0,5.0,5.0,5.0,23.0
603036.SH,如通股份,SW1机械设备,2025-09-30,6.7084,2.59,45.4444,10.6462,42.8674,0.7329545454545454,0.6159844054580896,0.9339622641509434,0.9849056603773585,0.9679245283018868,4.0,4.0,5.0,5.0,5.0,23.0
601975.SH,招商南油,SW1交通运输,2025-09-30,8.4928,23.39,28.0029,11.7444,35.2923,0.832,0.8387096774193549,0.672,0.752,0.9359999999999999,5.0,5.0,4.0,4.0,5.0,23.0
603058.SH,永吉股份,SW1轻工制造,2025-09-30,8.0344,65.87,34.991,29.4562,29.1281,0.7662337662337663,0.9041095890410958,0.8636363636363636,0.948051948051948,0.6688311688311688,4.0,5.0,5.0,5.0,4.0,23.0
002818.SZ,富森美,SW1商贸零售,2025-09-30,8.4305,-14.94,65.3565,13.4508,110.2673,0.8686868686868687,0.5555555555555556,0.9494949494949495,1.0,0.8686868686868687,5.0,3.0,5.0,5.0,5.0,23.0
002917.SZ,金奥博,SW1基础化工,2025-09-30,8.1738,43.3,36.0563,39.8065,16.5012,0.830423940149626,0.8247422680412371,0.9057071960297767,0.8064516129032258,0.4416873449131513,5.0,5.0,5.0,5.0,3.0,23.0
002901.SZ,大博医疗,SW1医药生物,2025-09-30,13.238,346.37,71.2296,24.5319,24.9589,0.9216101694915254,0.9762931034482759,0.8012684989429175,0.8393234672304439,0.547568710359408,5.0,5.0,5.0,5.0,3.0,23.0
603119.SH,浙江荣泰,SW1汽车,2025-09-30,10.7269,34.02,36.8039,34.7725,18.0145,0.8535714285714285,0.7819548872180451,0.9680851063829787,0.8687943262411347,0.6808510638297872,5.0,4.0,5.0,5.0,4.0,23.0
603087.SH,甘李药业,SW1医药生物,2025-09-30,7.3273,80.66,76.1818,7.0854,15.8173,0.760593220338983,0.8922413793103449,0.86892177589852,0.6152219873150105,0.945031712473573,4.0,5.0,5.0,4.0,5.0,23.0
603181.SH,皇马科技,SW1基础化工,2025-09-30,10.4634,22.5,26.3537,18.4564,18.0324,0.8927680798004988,0.7319587628865979,0.7344913151364765,0.8411910669975186,0.8188585607940446,5.0,4.0,4.0,5.0,5.0,23.0
605099.SH,共创草坪,SW1轻工制造,2025-09-30,17.8767,18.56,34.0398,23.8716,21.9087,0.9805194805194806,0.7465753424657534,0.8376623376623377,0.9025974025974026,0.7922077922077921,5.0,4.0,5.0,5.0,4.0,23.0
605086.SH,龙高股份,SW1基础化工,2025-09-30,6.375,10.54,58.1553,4.9304,37.091,0.7206982543640897,0.6443298969072165,0.9900744416873449,0.9727047146401985,0.9900744416873449,4.0,4.0,5.0,5.0,5.0,23.0
605016.SH,百龙创园,SW1基础化工,2025-09-30,14.8797,27.26,41.8363,27.1623,23.3453,0.9650872817955112,0.7474226804123711,0.9454094292803971,0.913151364764268,0.6823821339950372,5.0,4.0,5.0,5.0,4.0,23.0
002835.SZ,同为股份,SW1计算机,2025-09-30,9.7093,33.12,44.3701,20.3758,11.4919,0.93993993993994,0.8251533742331288,0.6606606606606606,0.8138138138138138,0.6936936936936937,5.0,5.0,4.0,5.0,4.0,23.0
002826.SZ,易明医药,SW1医药生物,2025-09-30,10.6107,201.8,82.149,24.2381,30.5936,0.8622881355932204,0.9547413793103449,0.9260042283298098,0.9133192389006343,0.5539112050739958,5.0,5.0,5.0,5.0,3.0,23.0
603203.SH,快克智能,SW1机械设备,2025-09-30,13.8038,11.7,49.4537,31.1219,28.4998,0.9545454545454546,0.7056530214424951,0.9528301886792453,0.9490566037735849,0.6547169811320754,5.0,4.0,5.0,5.0,4.0,23.0
002632.SZ,道明光学,SW1基础化工,2025-09-30,8.4096,8.13,34.4605,28.9519,33.3308,0.8379052369077307,0.6237113402061856,0.8833746898263027,0.9553349875930521,0.6501240694789081,5.0,4.0,5.0,5.0,4.0,23.0
002749.SZ,国光股份,SW1基础化工,2025-09-30,13.8098,20.06,46.0789,13.2562,15.3078,0.9526184538653366,0.7164948453608248,0.9751861042183623,0.771712158808933,0.8734491315136477,5.0,4.0,5.0,4.0,5.0,23.0
000915.SZ,华特达因,SW1医药生物,2025-09-30,14.1623,-10.74,84.4445,11.9918,59.5901,0.940677966101695,0.4978448275862069,0.9429175475687104,0.9936575052854123,0.8329809725158562,5.0,3.0,5.0,5.0,5.0,23.0
001229.SZ,魅视科技,SW1计算机,2025-09-30,4.0897,-8.15,64.1259,6.7132,65.8145,0.7717717717717718,0.6411042944785276,0.8798798798798799,0.993993993993994,0.948948948948949,4.0,4.0,5.0,5.0,5.0,23.0
688278.SH,特宝生物,SW1医药生物,2025-09-30,23.9502,49.0,92.5579,20.5213,19.0002,0.9915254237288136,0.8620689655172413,0.9767441860465116,0.7008456659619451,0.6257928118393234,5.0,5.0,5.0,4.0,4.0,23.0
000828.SZ,东莞控股,SW1交通运输,2025-09-30,8.3536,42.98,69.7244,37.1455,138.8829,0.808,0.9032258064516129,0.992,1.0,0.5920000000000001,5.0,5.0,5.0,5.0,3.0,23.0
603195.SH,公牛集团,SW1轻工制造,2025-09-30,18.8967,10.48,42.1139,26.3401,29.69,0.987012987012987,0.678082191780822,0.961038961038961,0.961038961038961,0.7532467532467533,5.0,4.0,5.0,5.0,4.0,23.0
603275.SH,众辰科技,SW1机械设备,2025-09-30,4.8833,11.6,39.3193,11.1861,15.8624,0.615530303030303,0.7037037037037037,0.8358490566037736,0.8018867924528302,0.960377358490566,4.0,4.0,5.0,5.0,5.0,23.0
688300.SH,联瑞新材,SW1基础化工,2025-09-30,14.0097,44.47,41.4071,26.3761,16.0573,0.9576059850374065,0.8298969072164949,0.9404466501240695,0.7890818858560794,0.6947890818858561,5.0,5.0,5.0,4.0,4.0,23.0
688281.SH,华秦科技,SW1国防军工,2025-09-30,5.2647,51.37,47.6865,27.0076,31.3763,0.7985074626865671,0.9153846153846154,0.8432835820895522,0.9328358208955224,0.6119402985074627,4.0,5.0,5.0,5.0,4.0,23.0
002270.SZ,华明装备,SW1电力设备,2025-12-31,22.5031,16.11,54.4894,39.0917,24.8901,0.9863760217983651,0.7150997150997151,0.9945945945945946,0.9567567567567568,0.7,5.0,4.0,5.0,5.0,4.0,23.0
002262.SZ,恩华药业,SW1医药生物,2025-09-30,14.3603,10.3,76.0227,11.0591,20.3791,0.9449152542372882,0.6551724137931034,0.8668076109936576,0.733615221987315,0.8520084566596194,5.0,4.0,5.0,4.0,5.0,23.0
002372.SZ,伟星新材,SW1建筑材料,2025-09-30,10.8627,-34.3,41.4713,23.418,28.1481,0.9436619718309859,0.5774647887323944,1.0,0.9859154929577465,0.8873239436619719,5.0,3.0,5.0,5.0,5.0,23.0
002351.SZ,漫步者,SW1电子,2025-09-30,10.5906,8.11,40.2776,16.5089,11.6366,0.8926315789473684,0.6040268456375839,0.8568421052631578,0.6231578947368421,0.8189473684210526,5.0,4.0,5.0,4.0,5.0,23.0
002690.SZ,美亚光电,SW1机械设备,2025-09-30,18.8228,-12.84,52.9454,20.1166,38.2982,0.9848484848484849,0.47368421052631576,0.9716981132075472,0.9792452830188679,0.8264150943396227,5.0,3.0,5.0,5.0,5.0,23.0
002487.SZ,大金重工,SW1电力设备,2025-09-30,11.5793,11.46,31.1234,43.416,32.8391,0.9182561307901907,0.6723646723646723,0.8432432432432433,0.981081081081081,0.6162162162162161,5.0,4.0,5.0,5.0,4.0,23.0
002602.SZ,世纪华通,SW1传媒,2025-09-30,16.1216,77.76,69.854,30.7622,23.06,0.9307692307692308,0.9224806201550387,0.9076923076923077,0.8153846153846154,0.5615384615384615,5.0,5.0,5.0,5.0,3.0,23.0
002517.SZ,恺英网络,SW1传媒,2025-09-30,18.8919,2.97,83.0445,22.4342,32.3222,0.9615384615384616,0.7829457364341085,0.9692307692307692,0.8923076923076924,0.7615384615384615,5.0,4.0,5.0,5.0,4.0,23.0
603798.SH,康普顿,SW1石油石化,2025-09-30,4.7809,19.64,21.1701,12.3359,21.7288,0.723404255319149,0.7872340425531915,0.8085106382978723,0.8936170212765957,0.9574468085106383,4.0,4.0,5.0,5.0,5.0,23.0
002444.SZ,巨星科技,SW1机械设备,2025-09-30,12.2043,39.6,33.0789,17.277,14.4588,0.9204545454545454,0.8382066276803118,0.6886792452830188,0.7660377358490567,0.8716981132075472,5.0,5.0,4.0,4.0,5.0,23.0
603979.SH,金诚信,SW1有色金属,2025-09-30,17.9441,52.25,34.7525,45.8924,26.3114,0.9407407407407408,0.8294573643410853,0.8740740740740741,0.9111111111111111,0.5333333333333333,5.0,5.0,5.0,5.0,3.0,23.0
001380.SZ,华纬科技,SW1汽车,2025-09-30,11.5464,39.76,28.1675,32.3519,12.6664,0.8928571428571429,0.8270676691729323,0.8475177304964538,0.6914893617021277,0.698581560283688,5.0,5.0,5.0,4.0,4.0,23.0
300910.SZ,瑞丰新材,SW1基础化工,2025-09-30,16.3914,18.89,35.8558,23.0023,21.4801,0.972568578553616,0.711340206185567,0.9032258064516129,0.8833746898263027,0.7617866004962779,5.0,4.0,5.0,5.0,4.0,23.0
300885.SZ,海昌新材,SW1机械设备,2025-09-30,4.8815,54.24,33.013,6.452,29.1774,0.6136363636363636,0.8830409356725146,0.6867924528301886,0.9509433962264151,0.9943396226415094,4.0,5.0,4.0,5.0,5.0,23.0
000408.SZ,藏格矿业,SW1基础化工,2025-09-30,18.9871,-24.71,59.4164,7.7935,55.8177,0.9825436408977556,0.44072164948453607,0.9975186104218362,0.9925558312655087,0.9578163771712159,5.0,3.0,5.0,5.0,5.0,23.0
000426.SZ,兴业银锡,SW1有色金属,2025-09-30,15.9925,57.54,57.649,43.9354,66.8872,0.9259259259259259,0.8604651162790697,0.9703703703703703,1.0,0.5555555555555556,5.0,5.0,5.0,5.0,3.0,23.0
688163.SH,赛伦生物,SW1医药生物,2025-09-30,5.7832,14.23,78.4269,3.1384,21.7921,0.6461864406779662,0.6896551724137931,0.8942917547568711,0.773784355179704,0.9978858350951374,4.0,4.0,5.0,4.0,5.0,22.0
688252.SH,天德钰,SW1电子,2025-09-30,8.6063,143.61,23.3122,14.1121,15.1661,0.8189473684210526,0.9082774049217002,0.4863157894736842,0.7157894736842105,0.8442105263157895,5.0,5.0,3.0,4.0,5.0,22.0
688681.SH,科汇股份,SW1电力设备,2025-09-30,5.9886,161.53,42.8327,30.4625,1.5019,0.6839237057220708,0.9316239316239316,0.9540540540540541,0.4540540540540541,0.8,4.0,5.0,5.0,3.0,5.0,22.0
688668.SH,XD鼎通科,SW1通信,2025-09-30,9.5308,65.74,29.3985,20.7584,11.7011,0.8512396694214877,0.825,0.6198347107438017,0.743801652892562,0.7603305785123967,5.0,5.0,4.0,4.0,4.0,22.0
688702.SH,盛科通信-U,SW1电子,2025-09-30,0.3979,249.52,49.1458,11.8541,27.3754,0.23789473684210527,0.9440715883668904,0.9263157894736842,0.911578947368421,0.8926315789473684,2.0,5.0,5.0,5.0,5.0,22.0
000568.SZ,泸州老窖,SW1食品饮料,2025-09-30,22.1749,1.57,87.1134,23.9267,42.4716,0.9508196721311475,0.5206611570247934,0.9918032786885246,0.9918032786885246,0.6147540983606558,5.0,3.0,5.0,5.0,4.0,22.0
000554.SZ,泰山石油,SW1石油石化,2025-09-30,10.3279,183.97,16.4111,35.5375,6.7062,0.9361702127659575,0.9787234042553191,0.6382978723404256,0.6382978723404256,0.7021276595744681,5.0,5.0,4.0,4.0,4.0,22.0
300770.SZ,新媒股份,SW1传媒,2025-09-30,13.6383,-7.03,48.7451,22.9265,60.972,0.9230769230769231,0.6744186046511628,0.7846153846153846,0.9692307692307692,0.7538461538461538,5.0,4.0,4.0,5.0,4.0,22.0
001376.SZ,百通能源,SW1公用事业,2025-09-30,11.6728,45.79,33.2465,30.5307,26.9082,0.9259259259259259,0.8888888888888888,0.7279411764705882,0.5367647058823529,0.8529411764705882,5.0,5.0,4.0,3.0,5.0,22.0
001332.SZ,锡装股份,SW1机械设备,2025-09-30,8.0766,54.64,36.21,27.4644,9.0932,0.803030303030303,0.884990253411306,0.7660377358490567,0.6320754716981132,0.7037735849056603,5.0,5.0,4.0,4.0,4.0,22.0
300831.SZ,ST派瑞,SW1电子,2025-09-30,0.6019,222.56,47.0075,9.8606,44.7608,0.25894736842105265,0.9373601789709173,0.911578947368421,0.9873684210526316,0.92,2.0,5.0,5.0,5.0,5.0,22.0
300859.SZ,西域旅游,SW1社会服务,2025-09-30,12.5805,-19.18,56.1348,27.6415,59.1819,0.9230769230769231,0.47435897435897434,0.8375,0.975,0.6,5.0,3.0,5.0,5.0,4.0,22.0
300950.SZ,德固特,SW1机械设备,2025-09-30,9.425,150.15,40.3912,35.975,15.8574,0.8446969696969697,0.9532163742690059,0.8509433962264151,0.7981132075471699,0.5584905660377358,5.0,5.0,5.0,4.0,3.0,22.0
300938.SZ,信测标准,SW1社会服务,2025-09-30,10.3367,3.12,59.9014,13.2769,21.5647,0.8461538461538461,0.6538461538461539,0.8875,0.575,0.925,5.0,4.0,5.0,3.0,5.0,22.0
688543.SH,国科军工,SW1国防军工,2025-09-30,6.2484,40.55,37.4138,25.9812,1.113,0.8283582089552238,0.8923076923076924,0.6492537313432836,0.7014925373134329,0.6417910447761195,5.0,5.0,4.0,4.0,4.0,22.0
300768.SZ,迪普科技,SW1计算机,2025-09-30,2.7904,27.26,62.3836,12.229,-6.2478,0.7117117117117117,0.803680981595092,0.8708708708708709,0.5015015015015015,0.8498498498498499,4.0,5.0,5.0,3.0,5.0,22.0
300962.SZ,中金辐照,SW1社会服务,2025-09-30,9.2193,0.12,61.3037,13.4591,46.7323,0.7948717948717948,0.5897435897435898,0.9125,0.9125,0.9125,4.0,3.0,5.0,5.0,5.0,22.0
301031.SZ,中熔电气,SW1电子,2025-09-30,18.8634,59.8,40.5022,49.1679,19.4163,0.9768421052631578,0.8187919463087249,0.8652631578947368,0.8126315789473684,0.28421052631578947,5.0,5.0,5.0,5.0,2.0,22.0
301029.SZ,怡合达,SW1机械设备,2025-09-30,9.9798,-25.87,39.4733,12.2862,15.9931,0.8674242424242424,0.3762183235867446,0.8377358490566038,0.8075471698113208,0.9415094339622642,5.0,2.0,5.0,5.0,5.0,22.0
301028.SZ,鼎熔岩,SW1机械设备,2025-09-30,12.2781,33.23,31.3888,40.8705,18.8427,0.9223484848484849,0.8070175438596491,0.6471698113207547,0.8528301886792453,0.4679245283018868,5.0,5.0,4.0,5.0,3.0,22.0
301019.SZ,宁波色母,SW1基础化工,2025-09-30,7.4277,-1.41,36.883,10.0068,23.0377,0.7830423940149626,0.5721649484536082,0.913151364764268,0.9081885856079405,0.9181141439205955,4.0,3.0,5.0,5.0,5.0,22.0
300643.SZ,万通智控,SW1汽车,2025-09-30,10.5466,1.77,34.1816,17.7153,11.906,0.8464285714285714,0.5112781954887218,0.9397163120567376,0.6560283687943262,0.9042553191489362,5.0,3.0,5.0,4.0,5.0,22.0
300629.SZ,新劲刚,SW1国防军工,2025-09-30,0.6576,-10.59,65.5062,16.3116,51.2774,0.40298507462686567,0.6230769230769231,0.9701492537313433,0.9776119402985075,0.8283582089552239,3.0,4.0,5.0,5.0,5.0,22.0
300718.SZ,长盛轴承,SW1机械设备,2025-09-30,11.3762,-2.52,34.8554,15.2555,16.4806,0.9071969696969697,0.5477582846003899,0.7320754716981132,0.8150943396226416,0.9075471698113208,5.0,3.0,4.0,5.0,5.0,22.0
603637.SH,镇海股份,SW1建筑装饰,2025-09-30,5.0215,-3.97,25.6938,23.1234,41.3959,0.7943262411347518,0.6206896551724138,0.7655172413793103,0.9726027397260274,0.9246575342465754,4.0,4.0,4.0,5.0,5.0,22.0
603605.SH,珀莱雅,SW1美容护理,2025-09-30,18.5301,28.8,73.6946,32.6094,16.8848,1.0,0.7857142857142857,0.8571428571428571,0.8571428571428571,0.4285714285714286,5.0,4.0,5.0,5.0,3.0,22.0
603790.SH,雅运股份,SW1基础化工,2025-09-30,5.3039,32.93,34.0885,26.6474,16.8226,0.6408977556109726,0.7757731958762887,0.8784119106699751,0.8138957816377171,0.6873449131513647,4.0,4.0,5.0,5.0,4.0,22.0
603718.SH,*ST海利,SW1医药生物,2025-09-30,1.314,263.17,74.1057,5.8761,24.5567,0.3199152542372881,0.9655172413793104,0.8393234672304439,0.8202959830866807,0.959830866807611,2.0,5.0,5.0,5.0,5.0,22.0
603811.SH,诚意药业,SW1医药生物,2025-09-30,11.0548,23.9,70.9589,21.4419,32.9891,0.8686440677966102,0.7693965517241379,0.7991543340380549,0.9323467230443975,0.6152219873150105,5.0,4.0,4.0,5.0,4.0,22.0
001872.SZ,招商港口,SW1交通运输,2025-09-30,6.0838,18.45,44.9517,35.02,41.7925,0.624,0.782258064516129,0.92,0.8,0.632,4.0,4.0,5.0,5.0,4.0,22.0
300705.SZ,九典制药,SW1医药生物,2025-09-30,15.6241,39.13,74.4738,26.585,20.0953,0.9661016949152542,0.8405172413793104,0.8435517970401691,0.7272727272727273,0.507399577167019,5.0,5.0,5.0,4.0,3.0,22.0
301004.SZ,嘉益股份,SW1轻工制造,2025-09-30,19.4828,55.27,31.8623,34.1322,37.8837,0.9935064935064936,0.8767123287671232,0.7662337662337663,1.0,0.5844155844155844,5.0,5.0,4.0,5.0,3.0,22.0
300595.SZ,欧普康视,SW1医药生物,2025-09-30,9.1717,-14.7,73.1711,15.4757,40.1117,0.8347457627118644,0.47629310344827586,0.8202959830866807,0.9830866807610994,0.7505285412262157,5.0,3.0,5.0,5.0,4.0,22.0
300661.SZ,圣邦股份,SW1电子,2025-09-30,7.2149,81.95,50.4155,22.4063,10.9256,0.7663157894736842,0.8568232662192393,0.9305263157894736,0.6,0.7242105263157894,4.0,5.0,5.0,4.0,4.0,22.0
301156.SZ,美农生物,SW1基础化工,2025-09-30,5.5628,-21.35,30.6661,7.3269,19.889,0.6633416458852868,0.46134020618556704,0.8287841191066998,0.8734491315136477,0.9652605459057072,4.0,3.0,5.0,5.0,5.0,22.0
301138.SZ,华研精机,SW1机械设备,2025-09-30,6.18,34.06,37.7837,31.3634,10.9325,0.7064393939393939,0.8148148148148148,0.8075471698113208,0.6716981132075471,0.649056603773585,4.0,5.0,5.0,4.0,4.0,22.0
603583.SH,捷昌驱动,SW1机械设备,2025-09-30,8.4623,37.59,30.3727,31.8636,15.0519,0.8162878787878788,0.8323586744639376,0.6075471698113207,0.7754716981132076,0.6396226415094339,5.0,5.0,4.0,4.0,4.0,22.0
603566.SH,普莱柯,SW1农林牧渔,2025-09-30,6.0388,-46.82,60.4551,16.5986,33.7375,0.7171717171717171,0.5436893203883495,0.9901960784313726,0.9313725490196079,0.8932038834951457,4.0,3.0,5.0,5.0,5.0,22.0
002549.SZ,凯美特气,SW1基础化工,2025-09-30,3.7143,88.02,35.7513,28.1689,26.3454,0.5037406483790524,0.8943298969072165,0.9007444168734491,0.9255583126550868,0.6674937965260546,3.0,5.0,5.0,5.0,4.0,22.0
002532.SZ,天山铝业,SW1有色金属,2025-09-30,11.9554,102.03,22.4192,48.1019,21.7559,0.837037037037037,0.8992248062015504,0.7555555555555555,0.8666666666666667,0.49629629629629635,5.0,5.0,4.0,5.0,3.0,22.0
603530.SH,神马电力,SW1电力设备,2025-09-30,16.25,96.17,45.057,39.4307,2.437,0.9645776566757494,0.8917378917378918,0.9702702702702702,0.5027027027027027,0.6864864864864865,5.0,5.0,5.0,3.0,4.0,22.0
301109.SZ,军信股份,SW1环保,2025-09-30,8.3501,5.12,56.4927,35.5222,53.5346,0.8923076923076924,0.5968992248062015,0.9846153846153847,0.9692307692307692,0.7923076923076923,5.0,3.0,5.0,5.0,4.0,22.0
301175.SZ,中科环保,SW1环保,2025-09-30,8.2964,16.4,44.0553,51.2073,40.1809,0.8846153846153846,0.7131782945736435,0.9153846153846154,0.9,0.523076923076923,5.0,4.0,5.0,5.0,3.0,22.0
300529.SZ,健帆生物,SW1医药生物,2025-09-30,13.4029,91.25,79.5906,38.0673,36.8401,0.9279661016949152,0.9094827586206896,0.9006342494714588,0.9640591966173362,0.30866807610993663,5.0,5.0,5.0,5.0,2.0,22.0
300622.SZ,博士眼镜,SW1商贸零售,2025-09-30,10.9196,-23.1,53.7575,35.3025,25.7108,0.9292929292929293,0.5050505050505051,0.8686868686868687,0.8888888888888888,0.7171717171717171,5.0,3.0,5.0,5.0,4.0,22.0
300458.SZ,全志科技,SW1电子,2025-09-30,9.0992,626.15,32.8505,18.0248,12.5972,0.848421052631579,0.9888143176733781,0.7157894736842105,0.6484210526315789,0.7873684210526316,5.0,5.0,4.0,4.0,4.0,22.0
301219.SZ,腾远钴业,SW1有色金属,2025-09-30,8.2737,81.24,25.0073,23.5561,13.2926,0.6666666666666666,0.8914728682170543,0.7925925925925926,0.7555555555555555,0.8592592592592593,4.0,5.0,4.0,4.0,5.0,22.0
301203.SZ,国泰环保,SW1环保,2025-09-30,6.8351,-5.67,55.8948,3.7137,35.6138,0.7769230769230769,0.4573643410852713,0.9769230769230769,0.8538461538461538,0.9923076923076923,4.0,3.0,5.0,5.0,5.0,22.0
301309.SZ,万得凯,SW1机械设备,2025-09-30,5.2687,44.36,24.2301,9.9808,16.7025,0.6590909090909091,0.8596491228070176,0.4037735849056604,0.8207547169811321,0.9716981132075472,4.0,5.0,3.0,5.0,5.0,22.0
300403.SZ,汉宇集团,SW1家用电器,2025-09-30,8.1358,-3.52,33.526,15.2061,22.0634,0.6774193548387096,0.44565217391304346,0.8064516129032258,0.956989247311828,0.935483870967742,4.0,3.0,5.0,5.0,5.0,22.0
300514.SZ,友讯达,SW1电力设备,2025-09-30,7.1604,3.43,38.305,27.6803,8.8601,0.7547683923705722,0.6068376068376068,0.9324324324324325,0.7135135135135136,0.8243243243243243,4.0,4.0,5.0,4.0,5.0,22.0
000858.SZ,五 粮 液,SW1食品饮料,2025-09-30,15.6003,5.31,74.9255,19.259,46.3489,0.8934426229508197,0.5702479338842975,0.9590163934426229,1.0,0.7295081967213115,5.0,3.0,5.0,5.0,4.0,22.0
002555.SZ,三七互娱,SW1传媒,2025-09-30,17.7772,1.17,76.7571,36.2942,23.8111,0.9538461538461539,0.7596899224806202,0.9538461538461539,0.8307692307692308,0.4307692307692308,5.0,4.0,5.0,5.0,3.0,22.0
002671.SZ,龙泉股份,SW1建筑材料,2025-09-30,7.0772,152.95,31.6809,43.1034,12.3782,0.8732394366197183,0.971830985915493,0.9295774647887324,0.7183098591549296,0.5352112676056338,5.0,5.0,5.0,4.0,3.0,22.0
603317.SH,天味食品,SW1食品饮料,2025-09-30,8.7521,38.5,39.4449,19.8263,21.8828,0.6885245901639344,0.8347107438016529,0.6229508196721312,0.8114754098360656,0.7131147540983607,4.0,5.0,4.0,5.0,4.0,22.0
603499.SH,翔港科技,SW1轻工制造,2025-09-30,11.255,304.63,26.5739,38.551,29.655,0.9155844155844156,0.9794520547945206,0.6558441558441559,0.9545454545454546,0.49350649350649356,5.0,5.0,4.0,5.0,3.0,22.0
603486.SH,科沃斯,SW1家用电器,2025-09-30,17.8246,31.78,49.7384,47.1837,15.2433,0.967741935483871,0.8152173913043478,0.956989247311828,0.8924731182795699,0.3870967741935484,5.0,5.0,5.0,5.0,2.0,22.0
603444.SH,吉比特,SW1传媒,2025-09-30,23.6144,-19.31,93.314,21.959,41.4425,0.9769230769230769,0.5968992248062015,1.0,0.9307692307692308,0.7692307692307692,5.0,3.0,5.0,5.0,4.0,22.0
002507.SZ,涪陵榨菜,SW1食品饮料,2025-09-30,7.6546,-3.29,53.7308,6.6151,22.3638,0.6229508196721312,0.4793388429752066,0.819672131147541,0.8360655737704918,0.9590163934426229,4.0,3.0,5.0,5.0,5.0,22.0
002606.SZ,大连电瓷,SW1电力设备,2025-09-30,6.5271,308.25,30.5636,43.095,11.3435,0.7302452316076294,0.9686609686609686,0.8324324324324325,0.7810810810810811,0.6297297297297297,4.0,5.0,5.0,4.0,4.0,22.0
001316.SZ,润贝航科,SW1石油石化,2025-09-30,9.6648,-7.5,29.4197,11.6894,11.5826,0.8936170212765957,0.5957446808510638,0.8936170212765957,0.723404255319149,0.9787234042553191,5.0,3.0,5.0,4.0,5.0,22.0
002033.SZ,丽江股份,SW1社会服务,2025-09-30,7.5783,-6.1,58.4282,10.8218,47.7812,0.7435897435897436,0.5512820512820513,0.85,0.9375,0.9625,4.0,3.0,5.0,5.0,5.0,22.0
688111.SH,金山办公,SW1计算机,2025-09-30,10.0358,25.93,85.5532,27.0813,30.5523,0.948948948948949,0.7975460122699386,0.9579579579579579,0.960960960960961,0.5915915915915916,5.0,4.0,5.0,5.0,3.0,22.0
000729.SZ,燕京啤酒,SW1食品饮料,2025-09-30,11.6198,54.87,47.1903,32.5525,30.2596,0.8360655737704918,0.8760330578512396,0.7704918032786885,0.9426229508196722,0.4672131147540983,5.0,5.0,4.0,5.0,3.0,22.0
300487.SZ,蓝晓科技,SW1基础化工,2025-09-30,16.0958,10.11,52.8056,34.5015,27.8704,0.9675810473815462,0.6391752577319587,0.9875930521091811,0.9404466501240695,0.5632754342431762,5.0,4.0,5.0,5.0,3.0,22.0
301429.SZ,森泰股份,SW1建筑材料,2025-09-30,3.2074,-16.88,27.5774,16.8878,12.6959,0.6056338028169014,0.7323943661971831,0.8169014084507042,0.7605633802816901,0.9436619718309859,4.0,4.0,5.0,4.0,5.0,22.0
300346.SZ,南大光电,SW1电子,2025-09-30,8.7943,35.72,39.6633,37.3012,33.2012,0.8273684210526315,0.756152125279642,0.848421052631579,0.9494736842105264,0.4715789473684211,5.0,4.0,5.0,5.0,3.0,22.0
301568.SZ,思泰克,SW1机械设备,2025-09-30,7.7466,-22.21,50.5654,12.7156,18.8991,0.7935606060606061,0.40350877192982454,0.960377358490566,0.8547169811320755,0.9358490566037736,4.0,3.0,5.0,5.0,5.0,22.0
603277.SH,银都股份,SW1机械设备,2025-09-30,16.5754,5.89,42.4397,39.208,15.8613,0.9791666666666666,0.6471734892787524,0.8811320754716981,0.8,0.49245283018867925,5.0,4.0,5.0,5.0,3.0,22.0
688206.SH,概伦电子,SW1计算机,2025-09-30,2.1156,63.1,89.1055,17.2408,2.5984,0.6756756756756757,0.8588957055214724,0.978978978978979,0.6816816816816816,0.7537537537537538,4.0,5.0,5.0,4.0,4.0,22.0
688305.SH,科德数控,SW1机械设备,2025-09-30,3.4505,27.62,38.7065,17.2831,54.3324,0.4772727272727273,0.783625730994152,0.8226415094339623,0.9905660377358491,0.869811320754717,3.0,4.0,5.0,5.0,5.0,22.0
688291.SH,金橙子,SW1计算机,2025-09-30,3.8919,-29.67,59.199,9.4525,12.6451,0.7597597597597597,0.5214723926380368,0.8408408408408409,0.8318318318318318,0.8918918918918919,4.0,3.0,5.0,5.0,5.0,22.0
688279.SH,峰岹科技,SW1电子,2025-09-30,4.448,27.18,51.7479,2.8623,31.5501,0.5642105263157895,0.7002237136465325,0.9473684210526315,0.9389473684210526,0.9957894736842106,3.0,4.0,5.0,5.0,5.0,22.0
002275.SZ,桂林三金,SW1医药生物,2025-09-30,12.318,23.79,75.2271,24.5326,29.5166,0.9046610169491526,0.7672413793103449,0.8520084566596194,0.8985200845665962,0.5454545454545454,5.0,4.0,5.0,5.0,3.0,22.0
002273.SZ,水晶光电,SW1电子,2025-09-30,10.5649,69.07,31.7413,18.6205,16.0866,0.8905263157894737,0.8411633109619687,0.6905263157894737,0.7494736842105263,0.7705263157894737,5.0,5.0,4.0,4.0,4.0,22.0
603239.SH,浙江仙通,SW1汽车,2025-09-30,12.5683,13.7,28.6671,24.1972,9.4889,0.9107142857142857,0.6240601503759399,0.8617021276595744,0.5815602836879432,0.8191489361702128,5.0,4.0,5.0,3.0,5.0,22.0
603337.SH,杰克科技,SW1机械设备,2025-09-30,14.3068,53.14,34.3731,37.0496,16.6557,0.9583333333333334,0.8810916179337231,0.7150943396226415,0.8188679245283019,0.5415094339622641,5.0,5.0,4.0,5.0,3.0,22.0
688101.SH,三达膜,SW1环保,2025-09-30,7.0973,23.59,41.018,28.5856,12.7315,0.8076923076923077,0.7906976744186046,0.8461538461538461,0.5461538461538461,0.8615384615384616,5.0,4.0,5.0,3.0,5.0,22.0
688100.SH,威胜信息,SW1通信,2025-09-30,14.1689,19.87,39.9547,38.823,18.9651,0.9173553719008265,0.6583333333333333,0.8181818181818182,0.8512396694214877,0.5206611570247934,5.0,4.0,5.0,5.0,3.0,22.0
688092.SH,爱科科技,SW1机械设备,2025-09-30,5.8247,-11.0,43.3255,21.7865,23.399,0.6875,0.4873294346978557,0.9037735849056604,0.9018867924528302,0.8018867924528301,4.0,3.0,5.0,5.0,5.0,22.0
002003.SZ,伟星股份,SW1纺织服饰,2025-09-30,13.0177,26.89,43.7099,32.861,19.9555,0.9423076923076923,0.8557692307692307,0.7142857142857143,0.9047619047619048,0.5238095238095238,5.0,5.0,4.0,5.0,3.0,22.0
002107.SZ,沃华医药,SW1医药生物,2025-12-31,13.4698,163.02,75.3823,26.2408,15.7323,0.9300847457627118,0.9482758620689655,0.8583509513742071,0.6109936575052854,0.5158562367864694,5.0,5.0,5.0,4.0,3.0,22.0
002093.SZ,国脉科技,SW1社会服务,2025-09-30,5.2295,63.88,47.8988,17.2437,75.0836,0.5384615384615384,0.8974358974358975,0.7,1.0,0.8375,3.0,5.0,4.0,5.0,5.0,22.0
600018.SH,上港集团,SW1交通运输,2025-09-30,8.2481,14.68,38.2773,29.8444,32.8905,0.8,0.717741935483871,0.824,0.68,0.704,5.0,4.0,5.0,4.0,4.0,22.0
688330.SH,宏力达,SW1电力设备,2025-09-30,3.7871,14.46,53.0089,7.6318,62.8921,0.5204359673024523,0.7065527065527065,0.9918918918918919,0.9972972972972973,0.9918918918918919,3.0,4.0,5.0,5.0,5.0,22.0
603199.SH,九华旅游,SW1社会服务,2025-09-30,11.5306,6.5,51.8831,15.522,32.5712,0.8846153846153846,0.717948717948718,0.775,0.75,0.8875,5.0,4.0,4.0,4.0,5.0,22.0
603198.SH,迎驾贡酒,SW1食品饮料,2025-09-30,15.1109,13.42,72.5814,22.1655,17.4614,0.8852459016393442,0.628099173553719,0.9426229508196722,0.7213114754098361,0.6885245901639344,5.0,4.0,5.0,4.0,4.0,22.0
603297.SH,永新光学,SW1电子,2025-09-30,7.6762,-11.36,40.3184,17.122,21.364,0.7957894736842105,0.48769574944071586,0.8610526315789474,0.8336842105263158,0.8084210526315789,4.0,3.0,5.0,5.0,5.0,22.0
603288.SH,海天味业,SW1食品饮料,2025-09-30,15.1095,12.65,39.9734,15.3844,14.5566,0.8770491803278688,0.6033057851239669,0.6475409836065574,0.6147540983606558,0.8278688524590164,5.0,4.0,4.0,4.0,5.0,22.0
300400.SZ,劲拓股份,SW1机械设备,2025-09-30,10.9387,130.1,34.8214,36.3723,23.3052,0.8977272727272727,0.9434697855750487,0.7283018867924528,0.9,0.5528301886792453,5.0,5.0,4.0,5.0,3.0,22.0
300395.SZ,菲利华,SW1国防军工,2025-09-30,7.6899,-43.2,48.9622,20.5069,15.1363,0.9402985074626866,0.46923076923076923,0.8805970149253731,0.8283582089552238,0.7313432835820896,5.0,3.0,5.0,5.0,4.0,22.0
300384.SZ,三联虹普,SW1建筑装饰,2025-09-30,7.569,4.59,45.1801,20.5524,-6.4071,0.9219858156028369,0.7379310344827587,0.993103448275862,0.4931506849315068,0.952054794520548,5.0,4.0,5.0,3.0,5.0,22.0
600160.SH,巨化股份,SW1基础化工,2025-09-30,16.9687,124.7,28.8581,32.9685,17.7878,0.9750623441396509,0.9201030927835051,0.7841191066997518,0.8312655086848635,0.5856079404466501,5.0,5.0,4.0,5.0,3.0,22.0
600033.SH,福建高速,SW1交通运输,2025-09-30,6.8228,-10.82,60.3377,14.0136,97.2052,0.696,0.4112903225806452,0.968,0.984,0.912,4.0,3.0,5.0,5.0,5.0,22.0
600269.SH,赣粤高速,SW1交通运输,2025-09-30,8.4486,9.53,41.4138,43.0641,47.4856,0.824,0.6612903225806451,0.872,0.88,0.528,5.0,4.0,5.0,5.0,3.0,22.0
600406.SH,国电南瑞,SW1电力设备,2025-09-30,9.8583,6.8,26.4706,43.1818,12.2202,0.8828337874659401,0.6267806267806267,0.7513513513513513,0.8054054054054054,0.6270270270270271,5.0,4.0,4.0,5.0,4.0,22.0
600377.SH,宁沪高速,SW1交通运输,2025-09-30,9.729,12.17,38.8636,43.6497,41.8525,0.896,0.7016129032258065,0.84,0.808,0.512,5.0,4.0,5.0,5.0,3.0,22.0
600368.SH,五洲交通,SW1交通运输,2025-09-30,7.2421,6.52,49.3347,32.8454,56.4725,0.736,0.6048387096774194,0.952,0.928,0.656,4.0,4.0,5.0,5.0,4.0,22.0
600354.SH,敦煌种业,SW1农林牧渔,2025-09-30,5.5529,19.85,41.7507,49.4001,20.7468,0.6868686868686869,0.8252427184466019,0.9313725490196079,0.8333333333333334,0.4854368932038835,4.0,5.0,5.0,5.0,3.0,22.0
600585.SH,XD海螺水,SW1建筑材料,2025-09-30,3.3329,-28.68,24.2992,20.5885,18.1078,0.6197183098591549,0.6197183098591549,0.6901408450704225,0.8732394366197183,0.9014084507042254,4.0,4.0,4.0,5.0,5.0,22.0
600714.SH,金瑞矿业,SW1基础化工,2025-09-30,6.0457,356.54,29.2565,9.3588,13.157,0.6907730673316709,0.9819587628865979,0.7990074441687345,0.7196029776674938,0.9305210918114144,4.0,5.0,4.0,4.0,5.0,22.0
600674.SH,川投能源,SW1公用事业,2025-09-30,9.7577,2.72,50.7901,32.8302,50.6434,0.8592592592592593,0.5703703703703704,0.8970588235294118,0.7867647058823529,0.8088235294117647,5.0,3.0,5.0,4.0,5.0,22.0
603929.SH,亚翔集成,SW1建筑装饰,2025-09-30,23.9491,116.55,21.7596,62.2095,34.4267,1.0,0.9448275862068966,0.6896551724137931,0.952054794520548,0.4726027397260274,5.0,5.0,4.0,5.0,3.0,22.0
605111.SH,新洁能,SW1电子,2025-09-30,8.1445,35.66,34.1757,9.4209,18.686,0.8084210526315789,0.7539149888143176,0.7473684210526316,0.7957894736842105,0.9305263157894736,5.0,4.0,4.0,4.0,5.0,22.0
605028.SH,世茂能源,SW1公用事业,2025-09-30,8.5524,-8.74,53.0529,11.6583,53.1775,0.7925925925925926,0.45185185185185184,0.9264705882352942,0.8161764705882353,0.9705882352941176,4.0,3.0,5.0,5.0,5.0,22.0
002296.SZ,辉煌科技,SW1通信,2025-09-30,6.8943,66.71,54.3897,24.3279,12.327,0.7520661157024794,0.8333333333333334,0.9586776859504132,0.768595041322314,0.7355371900826446,4.0,5.0,5.0,4.0,4.0,22.0
002294.SZ,信立泰,SW1医药生物,2025-09-30,6.6425,4.19,75.2508,18.6858,23.9551,0.7055084745762712,0.6120689655172413,0.854122621564482,0.8097251585623678,0.6701902748414377,4.0,4.0,5.0,5.0,4.0,22.0
605005.SH,合兴股份,SW1汽车,2025-09-30,7.6419,17.97,30.0827,19.8453,15.424,0.6607142857142857,0.6842105263157895,0.8900709219858156,0.7978723404255319,0.8794326241134752,4.0,4.0,5.0,4.0,5.0,22.0
002850.SZ,科达利,SW1电力设备,2025-09-30,9.7348,20.52,23.1638,40.7256,18.1893,0.8719346049046321,0.7350427350427351,0.654054054054054,0.9,0.6567567567567567,5.0,4.0,4.0,5.0,4.0,22.0
002832.SZ,比音勒芬,SW1纺织服饰,2025-09-30,11.7481,-14.29,75.6321,25.6429,15.0403,0.9038461538461539,0.5,1.0,0.8,0.6476190476190475,5.0,3.0,5.0,5.0,4.0,22.0
600668.SH,尖峰集团,SW1建筑材料,2025-09-30,11.8544,49.72,23.194,24.605,5.5151,0.9577464788732394,0.9014084507042254,0.6338028169014085,0.5070422535211268,0.8591549295774648,5.0,5.0,4.0,3.0,5.0,22.0
600663.SH,陆家嘴,SW1房地产,2025-09-30,4.2515,-9.52,39.777,70.0276,63.2363,0.8426966292134831,0.6,0.8842105263157894,0.9578947368421052,0.4,5.0,4.0,5.0,5.0,3.0,22.0
600809.SH,山西汾酒,SW1食品饮料,2025-09-30,31.0185,17.16,76.0997,27.9976,27.281,0.9672131147540983,0.6611570247933884,0.9672131147540983,0.8934426229508197,0.5491803278688525,5.0,4.0,5.0,5.0,3.0,22.0
300039.SZ,上海凯宝,SW1医药生物,2025-09-30,4.3262,14.69,80.742,8.3207,24.6378,0.5338983050847458,0.6918103448275862,0.9175475687103594,0.828752642706131,0.9217758985200846,3.0,4.0,5.0,5.0,5.0,22.0
003021.SZ,兆威机电,SW1电力设备,2025-09-30,5.4643,25.11,32.2379,19.5782,8.1451,0.6430517711171662,0.7549857549857549,0.8621621621621621,0.6864864864864865,0.9027027027027027,4.0,4.0,5.0,4.0,5.0,22.0
300127.SZ,银河磁体,SW1有色金属,2025-09-30,9.9092,-8.58,37.8683,6.298,18.7421,0.7185185185185186,0.4263565891472868,0.8962962962962963,0.8148148148148148,0.9925925925925926,4.0,3.0,5.0,5.0,5.0,22.0
601816.SH,京沪高铁,SW1交通运输,2025-09-30,5.0644,13.06,47.9553,21.0148,49.7842,0.496,0.7096774193548387,0.944,0.904,0.856,3.0,4.0,5.0,5.0,5.0,22.0
603031.SH,安孚科技,SW1电力设备,2025-09-30,7.1471,13.68,49.3865,39.741,22.4593,0.7520435967302452,0.6894586894586895,0.981081081081081,0.9324324324324325,0.6783783783783783,4.0,4.0,5.0,5.0,4.0,22.0
603025.SH,大豪科技,SW1机械设备,2025-09-30,24.0612,42.53,44.0552,40.384,9.7133,0.9886363636363636,0.8538011695906432,0.9169811320754717,0.6433962264150943,0.4716981132075472,5.0,5.0,5.0,4.0,3.0,22.0
603004.SH,鼎龙科技,SW1基础化工,2025-09-30,6.0266,-5.2,37.8914,7.4666,31.6688,0.685785536159601,0.5541237113402062,0.9205955334987593,0.9478908188585607,0.9627791563275434,4.0,3.0,5.0,5.0,5.0,22.0
601969.SH,海南矿业,SW1钢铁,2025-09-30,4.4646,3.76,24.1155,45.9135,38.0656,0.6428571428571429,0.6976744186046512,0.8604651162790697,0.9767441860465116,0.6511627906976745,4.0,4.0,5.0,5.0,4.0,22.0
603080.SH,新疆火炬,SW1公用事业,2025-09-30,10.3461,24.16,26.5506,29.9437,20.8831,0.8814814814814815,0.8148148148148148,0.6102941176470589,0.4852941176470588,0.8676470588235294,5.0,5.0,4.0,3.0,5.0,22.0
603075.SH,热威股份,SW1家用电器,2025-09-30,11.7313,19.96,31.0435,30.5301,17.2171,0.8387096774193549,0.7608695652173914,0.7204301075268817,0.9247311827956989,0.7526881720430108,5.0,4.0,4.0,5.0,4.0,22.0
002823.SZ,凯中精密,SW1电力设备,2025-09-30,9.053,121.73,19.8427,43.6321,16.1776,0.8501362397820164,0.9145299145299145,0.5621621621621622,0.8621621621621621,0.6135135135135135,5.0,5.0,3.0,5.0,4.0,22.0
002802.SZ,洪汇新材,SW1基础化工,2025-09-30,4.8811,16.43,26.2911,7.0678,26.684,0.6059850374064838,0.6958762886597938,0.7320099255583127,0.9280397022332506,0.9702233250620348,4.0,4.0,4.0,5.0,5.0,22.0
603129.SH,春风动力,SW1汽车,2025-09-30,21.1303,41.37,27.6202,59.1304,21.5329,0.975,0.8345864661654135,0.8226950354609929,0.9290780141843972,0.21276595744680848,5.0,5.0,5.0,5.0,2.0,22.0
603088.SH,宁波精达,SW1机械设备,2025-09-30,8.1044,5.07,38.2149,42.3811,24.9876,0.8087121212121212,0.6413255360623782,0.8150943396226416,0.9188679245283019,0.43018867924528303,5.0,4.0,5.0,5.0,3.0,22.0
603166.SH,福达股份,SW1汽车,2025-09-30,8.948,78.96,27.3986,45.0724,23.5317,0.7357142857142858,0.8984962406015038,0.8120567375886525,0.9468085106382979,0.4893617021276596,4.0,5.0,5.0,5.0,3.0,22.0
002729.SZ,好利科技,SW1电子,2025-09-30,7.2577,102.93,35.0836,15.6498,12.3124,0.7684210526315789,0.8881431767337807,0.7705263157894737,0.6421052631578947,0.8252631578947368,4.0,5.0,4.0,4.0,5.0,22.0
601225.SH,陕西煤业,SW1煤炭,2025-09-30,13.7426,-4.66,28.1879,42.1699,23.4786,1.0,0.7272727272727273,0.6363636363636364,0.8787878787878788,0.7575757575757576,5.0,4.0,4.0,5.0,4.0,22.0
003018.SZ,金富科技,SW1轻工制造,2025-09-30,5.8928,27.14,28.3079,18.3782,22.7739,0.6883116883116883,0.7945205479452054,0.7077922077922078,0.922077922077922,0.8636363636363636,4.0,4.0,4.0,5.0,5.0,22.0
601199.SH,江南水务,SW1环保,2025-09-30,6.1658,24.31,39.3915,35.3829,16.1056,0.7076923076923077,0.8062015503875969,0.7923076923076923,0.6230769230769231,0.8,4.0,5.0,4.0,4.0,5.0,22.0
601958.SH,金钼股份,SW1有色金属,2025-09-30,13.0312,-5.54,37.8481,14.8951,7.4636,0.8518518518518519,0.4418604651162791,0.8888888888888888,0.6444444444444445,0.9555555555555556,5.0,3.0,5.0,4.0,5.0,22.0
601918.SH,新集能源,SW1煤炭,2025-09-30,9.2316,11.58,38.2517,62.1121,29.1161,0.9090909090909091,0.8181818181818182,1.0,0.9393939393939394,0.2727272727272727,5.0,5.0,5.0,5.0,2.0,22.0
601898.SH,中煤能源,SW1煤炭,2025-09-30,8.0735,-3.09,25.9455,45.8185,19.0898,0.8484848484848485,0.7575757575757576,0.6060606060606061,0.8484848484848485,0.6666666666666667,5.0,4.0,4.0,5.0,4.0,22.0
002891.SZ,中宠股份,SW1农林牧渔,2025-09-30,12.5307,42.64,30.5404,42.0474,6.073,0.9292929292929293,0.8737864077669902,0.8431372549019608,0.4411764705882353,0.6310679611650485,5.0,5.0,5.0,3.0,4.0,22.0
002979.SZ,雷赛智能,SW1机械设备,2025-09-30,10.2332,51.07,39.0833,40.8956,14.6676,0.8768939393939394,0.8771929824561403,0.8283018867924529,0.7679245283018868,0.4660377358490566,5.0,5.0,5.0,4.0,3.0,22.0
601857.SH,中国石油,SW1石油石化,2025-09-30,8.2163,1.76,21.0909,38.3778,15.8165,0.8723404255319149,0.6170212765957447,0.7872340425531915,0.8085106382978723,0.6595744680851063,5.0,4.0,4.0,5.0,4.0,22.0
300109.SZ,新开源,SW1基础化工,2025-09-30,5.4643,-28.98,43.5811,13.0136,22.4693,0.6533665835411472,0.4097938144329897,0.9528535980148883,0.8957816377171216,0.8833746898263027,4.0,3.0,5.0,5.0,5.0,22.0
600724.SH,宁波富达,SW1房地产,2025-09-30,5.8909,-8.72,28.6694,21.1378,22.7025,0.898876404494382,0.6210526315789474,0.7473684210526316,0.7157894736842105,0.9789473684210527,5.0,4.0,4.0,4.0,5.0,22.0
600722.SH,金牛化工,SW1基础化工,2025-09-30,2.961,44.13,28.7921,8.0327,17.8058,0.4389027431421446,0.8273195876288659,0.7791563275434243,0.8337468982630273,0.9454094292803971,3.0,5.0,4.0,5.0,5.0,22.0
600862.SH,中航高科,SW1国防军工,2025-09-30,11.09,12.71,38.2444,26.7307,27.1363,0.9850746268656716,0.7461538461538462,0.6865671641791045,0.917910447761194,0.6268656716417911,5.0,4.0,4.0,5.0,4.0,22.0
000792.SZ,盐湖股份,SW1基础化工,2025-09-30,11.6,-47.53,59.1812,13.9744,79.7368,0.9226932668329177,0.31443298969072164,0.9950372208436724,1.0,0.8684863523573201,5.0,2.0,5.0,5.0,5.0,22.0
001207.SZ,联科科技,SW1基础化工,2025-09-30,10.8758,61.02,20.4029,26.5744,17.9049,0.9027431421446384,0.8556701030927835,0.5607940446650124,0.8362282878411911,0.6923076923076923,5.0,5.0,3.0,5.0,4.0,22.0
001206.SZ,依依股份,SW1美容护理,2025-09-30,8.4612,108.34,20.1195,14.9709,20.1746,0.8148148148148148,0.9285714285714286,0.21428571428571427,0.9642857142857143,0.8214285714285714,5.0,5.0,2.0,5.0,5.0,22.0
002050.SZ,三花智控,SW1家用电器,2025-09-30,12.7319,6.07,28.0837,34.2487,12.7273,0.8602150537634409,0.6032608695652174,0.6559139784946236,0.8172043010752689,0.6451612903225806,5.0,4.0,4.0,5.0,4.0,22.0
000888.SZ,峨眉山Ａ,SW1社会服务,2025-09-30,8.7699,78.6,52.9707,25.8196,45.1217,0.7692307692307693,0.9358974358974359,0.7875,0.8875,0.6625,4.0,5.0,4.0,5.0,4.0,22.0
300009.SZ,安科生物,SW1医药生物,2025-09-30,13.2996,-16.63,75.9726,14.8147,28.3217,0.9258474576271186,0.46336206896551724,0.864693446088795,0.8837209302325582,0.7674418604651163,5.0,3.0,5.0,5.0,4.0,22.0
600900.SH,长江电力,SW1公用事业,2025-09-30,13.0706,17.74,62.4772,59.0358,65.2485,0.9629629629629629,0.7703703703703704,0.9926470588235294,0.875,0.40441176470588236,5.0,4.0,5.0,5.0,3.0,22.0
601100.SH,恒立液压,SW1机械设备,2025-09-30,12.7128,0.34,41.9585,18.5493,13.5945,0.9318181818181818,0.5847953216374269,0.8716981132075472,0.7471698113207547,0.8547169811320755,5.0,3.0,5.0,4.0,5.0,22.0
601518.SH,吉林高速,SW1交通运输,2025-09-30,7.1929,-0.01,67.6611,6.3708,57.2847,0.72,0.47580645161290325,0.976,0.936,0.992,4.0,3.0,5.0,5.0,5.0,22.0
601512.SH,中新集团,SW1房地产,2025-09-30,5.6228,-59.22,43.5916,43.8101,35.0365,0.8764044943820225,0.4,0.9368421052631579,0.8631578947368421,0.7578947368421053,5.0,3.0,5.0,5.0,4.0,22.0
688419.SH,耐科装备,SW1电子,2025-09-30,6.5131,22.1,43.0977,14.9114,11.6338,0.7263157894736842,0.6778523489932886,0.8926315789473684,0.6210526315789474,0.8294736842105264,4.0,4.0,5.0,4.0,5.0,22.0
688392.SH,骄成超声,SW1电力设备,2025-09-30,5.3861,31.59,65.0549,22.9431,6.4814,0.6376021798365122,0.7863247863247863,1.0,0.6405405405405405,0.8783783783783784,4.0,4.0,5.0,4.0,5.0,22.0
688386.SH,泛亚微透,SW1基础化工,2025-09-30,11.8181,18.43,45.8534,43.0412,22.3288,0.9276807980049875,0.7087628865979382,0.9727047146401985,0.8933002481389578,0.40446650124069483,5.0,4.0,5.0,5.0,3.0,22.0
605118.SH,力鼎光电,SW1计算机,2025-09-30,14.4584,14.12,49.8798,15.358,37.8903,0.978978978978979,0.7638036809815951,0.7387387387387387,0.978978978978979,0.7867867867867868,5.0,4.0,4.0,5.0,4.0,22.0
605117.SH,德业股份,SW1电力设备,2025-09-30,24.9846,65.29,38.5467,56.5082,30.0919,0.989100817438692,0.8575498575498576,0.9351351351351351,0.9702702702702702,0.39459459459459456,5.0,5.0,5.0,5.0,2.0,22.0
002255.SZ,海陆重工,SW1电力设备,2025-09-30,7.7116,8.82,30.5285,34.2476,22.4892,0.7929155313351499,0.6324786324786325,0.8297297297297297,0.9351351351351351,0.7648648648648648,4.0,4.0,5.0,5.0,4.0,22.0
002222.SZ,福晶科技,SW1电子,2025-09-30,13.1083,7.5,52.8127,19.5088,28.273,0.9389473684210526,0.5973154362416108,0.9557894736842105,0.9157894736842105,0.7621052631578947,5.0,3.0,5.0,5.0,4.0,22.0
002210.SZ,飞马国际,SW1环保,2025-09-30,2.1599,72.82,32.0485,32.232,33.0729,0.4230769230769231,0.8914728682170543,0.6384615384615384,0.8384615384615385,0.8307692307692307,3.0,5.0,4.0,5.0,5.0,22.0
605319.SH,XD无锡振,SW1汽车,2025-09-30,12.6115,36.3,28.4469,52.5754,16.8622,0.9178571428571428,0.8007518796992481,0.8581560283687943,0.8404255319148937,0.3262411347517731,5.0,5.0,5.0,5.0,2.0,22.0
605298.SH,必得科技,SW1机械设备,2025-09-30,4.9112,26.85,45.8352,19.4946,15.8161,0.6174242424242424,0.7816764132553606,0.9415094339622642,0.7962264150943397,0.8377358490566038,4.0,4.0,5.0,4.0,5.0,22.0
300993.SZ,玉马科技,SW1轻工制造,2025-09-30,7.4464,12.46,39.7923,5.9586,14.6944,0.7337662337662337,0.6986301369863014,0.9545454545454546,0.7792207792207793,0.987012987012987,4.0,4.0,5.0,4.0,5.0,22.0
300722.SZ,新余国科,SW1国防军工,2025-09-30,7.5836,3.78,48.2985,24.9775,3.3744,0.9253731343283582,0.7,0.8582089552238806,0.746268656716418,0.6492537313432836,5.0,4.0,5.0,4.0,4.0,22.0
300720.SZ,海川智能,SW1机械设备,2025-09-30,4.7063,33.39,51.4136,8.6035,14.178,0.5928030303030303,0.8089668615984406,0.9660377358490566,0.7566037735849057,0.9849056603773585,3.0,5.0,5.0,4.0,5.0,22.0
300693.SZ,盛弘股份,SW1电力设备,2025-09-30,14.6188,5.81,39.9178,51.1406,15.7889,0.9509536784741145,0.6153846153846154,0.9459459459459459,0.8567567567567568,0.48108108108108105,5.0,4.0,5.0,5.0,3.0,22.0
300690.SZ,双一科技,SW1电力设备,2025-09-30,9.4673,-2.29,27.2305,18.5851,18.2134,0.8692098092643051,0.5754985754985755,0.7621621621621621,0.9027027027027027,0.9162162162162162,5.0,3.0,4.0,5.0,5.0,22.0
688198.SH,佰仁医疗,SW1医药生物,2025-09-30,7.4205,20.78,88.1652,17.0931,26.1674,0.7669491525423728,0.7392241379310345,0.9577167019027484,0.8562367864693446,0.7145877378435518,4.0,4.0,5.0,5.0,4.0,22.0
300820.SZ,英杰电气,SW1电力设备,2025-09-30,7.8544,-22.23,35.7852,35.0545,22.9354,0.8038147138964578,0.46153846153846156,0.9135135135135135,0.9378378378378378,0.7567567567567568,5.0,3.0,5.0,5.0,4.0,22.0
300906.SZ,日月明,SW1机械设备,2025-09-30,4.0395,24.22,51.1466,10.1758,61.2824,0.5321969696969697,0.7680311890838206,0.9641509433962264,0.9962264150943396,0.969811320754717,3.0,4.0,5.0,5.0,5.0,22.0
000603.SZ,盛达资源,SW1有色金属,2025-09-30,10.1883,133.0,55.8872,46.9059,25.6242,0.7407407407407407,0.9302325581395349,0.9629629629629629,0.9037037037037037,0.5111111111111111,4.0,5.0,5.0,5.0,3.0,22.0
688789.SH,宏华数科,SW1机械设备,2025-09-30,11.7915,28.84,44.0036,25.3968,12.1095,0.9147727272727273,0.7953216374269005,0.9132075471698113,0.7113207547169811,0.7377358490566037,5.0,4.0,5.0,4.0,4.0,22.0
000506.SZ,招金黄金,SW1有色金属,2025-09-30,14.0477,1842.55,45.1269,54.5407,21.6613,0.8814814814814815,1.0,0.9259259259259259,0.8592592592592593,0.32592592592592595,5.0,5.0,5.0,5.0,2.0,22.0
000025.SZ,特 力Ａ,SW1综合,2025-09-30,6.9944,24.76,17.5301,25.5651,14.6561,0.85,0.75,0.6,0.75,0.8,5.0,4.0,4.0,4.0,5.0,22.0
000429.SZ,粤高速Ａ,SW1交通运输,2025-09-30,14.4992,-7.05,68.8868,42.0389,90.5488,0.968,0.4274193548387097,0.984,0.976,0.544,5.0,3.0,5.0,5.0,3.0,21.0
000019.SZ,深粮控股,SW1农林牧渔,2025-09-30,4.9154,-6.46,16.9132,28.8246,32.287,0.6767676767676768,0.7378640776699029,0.6274509803921569,0.9215686274509803,0.7766990291262136,4.0,4.0,4.0,5.0,4.0,21.0
688768.SH,容知日新,SW1机械设备,2025-09-30,2.5596,71.49,63.9569,21.7546,10.5983,0.39015151515151514,0.9044834307992202,0.9886792452830189,0.660377358490566,0.8037735849056604,2.0,5.0,5.0,4.0,5.0,21.0
688786.SH,悦安新材,SW1有色金属,2025-09-30,8.4283,-13.9,38.9414,28.871,36.8639,0.674074074074074,0.3953488372093023,0.9037037037037037,0.9629629629629629,0.8222222222222222,4.0,2.0,5.0,5.0,5.0,21.0
688798.SH,艾为电子,SW1电子,2025-09-30,6.8141,399.68,35.725,20.4482,15.269,0.7431578947368421,0.9731543624161074,0.783157894736842,0.7263157894736842,0.7431578947368421,4.0,5.0,4.0,4.0,4.0,21.0
688603.SH,天承科技,SW1电子,2025-09-30,5.2465,27.5,40.2901,9.1135,10.3215,0.631578947368421,0.7046979865771812,0.8589473684210527,0.5768421052631579,0.9326315789473685,4.0,4.0,5.0,3.0,5.0,21.0
000523.SZ,红棉股份,SW1综合,2025-09-30,3.3813,448.43,16.4456,41.0023,20.5548,0.65,0.95,0.55,0.9,0.65,4.0,5.0,3.0,5.0,4.0,21.0
688611.SH,杭州柯林,SW1电力设备,2025-09-30,0.0687,52.66,51.3508,19.378,10.5049,0.25340599455040874,0.8347578347578347,0.9891891891891892,0.7621621621621621,0.9054054054054054,2.0,5.0,5.0,4.0,5.0,21.0
688625.SH,呈和科技,SW1基础化工,2025-09-30,16.1258,10.68,45.4287,53.3932,17.521,0.970074812967581,0.6469072164948454,0.9652605459057072,0.826302729528536,0.2431761786600496,5.0,4.0,5.0,5.0,2.0,21.0
688531.SH,日联科技,SW1机械设备,2025-09-30,3.8155,25.44,44.2256,16.0409,12.2833,0.5037878787878788,0.7738791423001949,0.9226415094339623,0.7150943396226415,0.8886792452830189,3.0,4.0,5.0,4.0,5.0,21.0
300684.SZ,中石科技,SW1电子,2025-09-30,12.1935,178.82,33.916,20.2972,8.0609,0.9263157894736842,0.9284116331096197,0.7431578947368421,0.5263157894736842,0.7473684210526316,5.0,5.0,4.0,3.0,4.0,21.0
300803.SZ,指南针,SW1计算机,2025-12-31,9.0534,116.53,87.4445,81.9059,142.2628,0.9159159159159159,0.8926380368098159,0.96996996996997,1.0,0.03003003003003002,5.0,5.0,5.0,5.0,1.0,21.0
300978.SZ,东箭科技,SW1汽车,2025-09-30,7.89,21.67,27.5427,36.5411,15.3961,0.6785714285714286,0.6954887218045113,0.8156028368794326,0.7943262411347518,0.6524822695035462,4.0,4.0,5.0,4.0,4.0,21.0
000612.SZ,焦作万方,SW1有色金属,2025-09-30,13.6957,-0.73,20.9041,14.0282,12.0008,0.8592592592592593,0.4728682170542636,0.725925925925926,0.7333333333333333,0.9703703703703703,5.0,3.0,4.0,4.0,5.0,21.0
000672.SZ,上峰材料,SW1建筑材料,2025-09-30,5.9255,-15.6,29.8579,42.6468,20.9832,0.7746478873239436,0.7746478873239436,0.9014084507042254,0.9295774647887324,0.5774647887323944,4.0,4.0,5.0,5.0,3.0,21.0
688628.SH,优利德,SW1机械设备,2025-09-30,10.762,13.16,42.9757,22.9388,7.411,0.8920454545454546,0.7115009746588694,0.8943396226415095,0.5660377358490566,0.7754716981132075,5.0,4.0,5.0,3.0,4.0,21.0
300833.SZ,浩洋股份,SW1机械设备,2025-09-30,5.5479,-17.31,52.0172,9.648,12.1665,0.6723484848484849,0.43859649122807015,0.9679245283018868,0.7132075471698113,0.9773584905660377,4.0,3.0,5.0,4.0,5.0,21.0
300835.SZ,龙磁科技,SW1有色金属,2025-09-30,11.8223,35.42,31.0373,50.4683,6.0747,0.8296296296296296,0.7674418604651163,0.837037037037037,0.6,0.4296296296296296,5.0,4.0,5.0,4.0,3.0,21.0
300841.SZ,康华生物,SW1医药生物,2025-09-30,5.4388,-21.71,92.2887,10.9416,18.2993,0.625,0.4267241379310345,0.9746300211416491,0.678646934460888,0.8562367864693446,4.0,3.0,5.0,4.0,5.0,21.0
300776.SZ,帝尔激光,SW1电力设备,2025-09-30,13.507,14.4,46.1955,41.5724,0.636,0.9427792915531336,0.7037037037037037,0.972972972972973,0.42162162162162165,0.6432432432432432,5.0,4.0,5.0,3.0,4.0,21.0
688028.SH,沃尔德,SW1机械设备,2025-09-30,3.6508,1.14,43.0341,12.9006,21.9243,0.48863636363636365,0.5906432748538012,0.8962264150943396,0.8867924528301887,0.9320754716981132,3.0,3.0,5.0,5.0,5.0,21.0
688029.SH,南微医学,SW1医药生物,2025-09-30,12.8959,14.83,64.5496,18.2697,20.0597,0.9152542372881356,0.6961206896551724,0.7124735729386892,0.7251585623678647,0.6828752642706131,5.0,4.0,4.0,4.0,4.0,21.0
688050.SH,爱博医疗,SW1医药生物,2025-09-30,11.1171,35.32,64.7981,22.9302,20.106,0.8728813559322034,0.8189655172413793,0.7209302325581395,0.7293868921775899,0.587737843551797,5.0,5.0,4.0,4.0,3.0,21.0
002233.SZ,塔牌集团,SW1建筑材料,2025-09-30,4.9113,-26.21,24.0585,8.9883,8.9308,0.7464788732394366,0.647887323943662,0.676056338028169,0.647887323943662,0.9859154929577465,4.0,4.0,4.0,4.0,5.0,21.0
002245.SZ,蔚蓝锂芯,SW1电力设备,2025-09-30,7.1626,171.98,19.809,34.0482,18.0626,0.7574931880108992,0.9401709401709402,0.5567567567567567,0.8918918918918919,0.7702702702702703,4.0,5.0,3.0,5.0,4.0,21.0
603993.SH,洛阳钼业,SW1有色金属,2025-09-30,19.0764,81.22,21.964,48.5707,10.9043,0.9555555555555556,0.8837209302325582,0.7407407407407407,0.7185185185185186,0.4740740740740741,5.0,5.0,4.0,4.0,3.0,21.0
601298.SH,青岛港,SW1交通运输,2025-09-30,9.5171,3.89,37.6645,25.0139,30.0027,0.888,0.532258064516129,0.8,0.632,0.752,5.0,3.0,5.0,4.0,4.0,21.0
601000.SH,唐山港,SW1交通运输,2025-09-30,6.651,4.35,46.5819,9.4514,34.4437,0.672,0.5483870967741935,0.928,0.72,0.96,4.0,3.0,5.0,4.0,5.0,21.0
601101.SH,昊华能源,SW1煤炭,2025-09-30,4.6087,-7.87,32.5345,46.3591,27.0003,0.7575757575757576,0.696969696969697,0.7878787878787878,0.9090909090909091,0.6363636363636364,4.0,4.0,4.0,5.0,4.0,21.0
600933.SH,爱柯迪,SW1汽车,2025-09-30,10.1201,4.98,30.4234,42.2626,31.0469,0.8178571428571428,0.5375939849624061,0.900709219858156,0.9822695035460993,0.5638297872340425,5.0,3.0,5.0,5.0,3.0,21.0
003039.SZ,顺控发展,SW1环保,2025-09-30,7.5239,14.89,40.5155,51.2084,24.1565,0.8307692307692308,0.6976744186046512,0.8307692307692308,0.7615384615384615,0.5153846153846153,5.0,4.0,5.0,4.0,3.0,21.0
000893.SZ,亚钾国际,SW1基础化工,2025-09-30,10.8361,-24.44,58.9084,32.6088,36.351,0.9002493765586035,0.44329896907216493,0.9925558312655087,0.9702233250620348,0.5955334987593053,5.0,3.0,5.0,5.0,3.0,21.0
000715.SZ,中兴商业,SW1商贸零售,2025-09-30,3.5149,-25.48,55.1237,27.0978,17.3926,0.6363636363636364,0.46464646464646464,0.8787878787878788,0.8383838383838383,0.7676767676767677,4.0,3.0,5.0,5.0,4.0,21.0
688510.SH,航亚科技,SW1国防军工,2025-09-30,6.6842,43.64,38.3204,38.7662,22.4402,0.8805970149253731,0.9,0.6940298507462687,0.8955223880597015,0.35820895522388063,5.0,5.0,4.0,5.0,2.0,21.0
688513.SH,苑东生物,SW1医药生物,2025-09-30,7.914,5.15,75.6914,19.4705,21.471,0.798728813559322,0.6271551724137931,0.8625792811839323,0.7674418604651163,0.642706131078224,4.0,4.0,5.0,4.0,4.0,21.0
300017.SZ,网宿科技,SW1计算机,2025-09-30,6.152,10.67,34.5236,15.2273,22.7908,0.8618618618618619,0.745398773006135,0.4954954954954955,0.9129129129129129,0.7927927927927928,5.0,4.0,3.0,5.0,4.0,21.0
600941.SH,XD中国移,SW1通信,2025-09-30,8.4718,5.0,31.0861,33.9552,20.266,0.8181818181818182,0.5083333333333333,0.6446280991735537,0.8760330578512396,0.6115702479338843,5.0,3.0,4.0,5.0,4.0,21.0
600989.SH,宝丰能源,SW1基础化工,2025-09-30,20.1209,12.16,37.313,49.1007,38.2103,0.9900249376558603,0.6623711340206185,0.9181141439205955,0.9751861042183623,0.29032258064516125,5.0,4.0,5.0,5.0,2.0,21.0
600995.SH,南网储能,SW1公用事业,2025-09-30,6.5498,14.86,54.8992,53.2856,62.4637,0.6222222222222222,0.725925925925926,0.9485294117647058,0.8455882352941176,0.5514705882352942,4.0,4.0,5.0,5.0,3.0,21.0
600814.SH,杭州解百,SW1商贸零售,2025-09-30,5.1073,-12.41,75.5911,43.8573,41.444,0.7474747474747475,0.5757575757575758,0.9797979797979798,0.9292929292929293,0.6161616161616161,4.0,3.0,5.0,5.0,4.0,21.0
600865.SH,百大集团,SW1商贸零售,2025-09-30,1.0334,885.66,87.7269,6.4885,7.3304,0.41414141414141414,0.9595959595959596,1.0,0.494949494949495,0.9595959595959596,3.0,5.0,5.0,3.0,5.0,21.0
600738.SH,丽尚国潮,SW1商贸零售,2025-09-30,5.8373,-43.93,65.9398,35.3494,18.419,0.8181818181818182,0.30303030303030304,0.9595959595959596,0.8484848484848485,0.7070707070707071,5.0,2.0,5.0,5.0,4.0,21.0
300079.SZ,数码视讯,SW1计算机,2025-09-30,0.5828,248.74,49.5934,9.2799,8.0617,0.5405405405405406,0.9386503067484663,0.7267267267267268,0.7597597597597597,0.8978978978978979,3.0,5.0,4.0,4.0,5.0,21.0
300100.SZ,双林股份,SW1汽车,2025-09-30,14.0621,507.31,21.4529,54.5795,16.7232,0.9321428571428572,0.9849624060150376,0.6382978723404256,0.8297872340425532,0.2836879432624113,5.0,5.0,4.0,5.0,2.0,21.0
601827.SH,三峰环境,SW1环保,2025-09-30,9.5683,0.59,40.4684,52.0015,44.238,0.9230769230769231,0.5426356589147286,0.823076923076923,0.9230769230769231,0.49230769230769234,5.0,3.0,5.0,5.0,3.0,21.0
002970.SZ,锐明技术,SW1计算机,2025-09-30,15.1896,199.05,47.9142,39.4194,16.2264,0.987987987987988,0.9325153374233128,0.7177177177177178,0.8618618618618619,0.3663663663663663,5.0,5.0,4.0,5.0,2.0,21.0
601899.SH,紫金矿业,SW1有色金属,2025-09-30,24.4994,48.43,24.9344,53.0096,20.4986,0.9925925925925926,0.813953488372093,0.7851851851851852,0.837037037037037,0.37037037037037035,5.0,5.0,4.0,5.0,2.0,21.0
601600.SH,中国铝业,SW1有色金属,2025-09-30,15.2485,54.36,17.3098,46.3778,14.3784,0.9037037037037037,0.8449612403100775,0.6148148148148148,0.7703703703703704,0.5185185185185186,5.0,5.0,4.0,4.0,3.0,21.0
601799.SH,星宇股份,SW1汽车,2025-09-30,10.7406,27.78,19.4879,39.2616,16.5335,0.8571428571428571,0.7443609022556391,0.5638297872340425,0.8262411347517731,0.6063829787234043,5.0,4.0,3.0,5.0,4.0,21.0
601121.SH,宝地矿业,SW1钢铁,2025-09-30,3.7469,17.39,34.5559,42.391,50.2092,0.5952380952380952,0.7209302325581395,0.9302325581395349,1.0,0.7209302325581395,3.0,4.0,5.0,5.0,4.0,21.0
601216.SH,君正集团,SW1基础化工,2025-09-30,9.9822,2.31,22.4673,30.2195,20.9304,0.8802992518703242,0.5979381443298969,0.6327543424317618,0.8808933002481389,0.630272952853598,5.0,3.0,4.0,5.0,4.0,21.0
603167.SH,渤海轮渡,SW1交通运输,2025-09-30,7.6389,11.81,30.3162,11.9251,37.4718,0.784,0.6935483870967742,0.72,0.76,0.928,4.0,4.0,4.0,4.0,5.0,21.0
603098.SH,森特股份,SW1建筑装饰,2025-09-30,3.4491,28.65,18.84,46.9124,4.2328,0.624113475177305,0.8689655172413793,0.6,0.726027397260274,0.7191780821917808,4.0,5.0,4.0,4.0,4.0,21.0
603099.SH,长白山,SW1社会服务,2025-09-30,12.1815,4.48,43.2654,22.7687,33.9967,0.9102564102564102,0.6923076923076923,0.6,0.7875,0.725,5.0,4.0,4.0,4.0,4.0,21.0
300119.SZ,瑞普生物,SW1农林牧渔,2025-09-30,7.9252,-35.96,41.9931,33.0371,8.0917,0.8080808080808081,0.6019417475728155,0.9411764705882353,0.4803921568627451,0.7184466019417476,5.0,4.0,5.0,3.0,4.0,21.0
003027.SZ,同兴科技,SW1环保,2025-09-30,3.6349,49.81,25.8303,29.9615,40.7225,0.5538461538461539,0.8682170542635659,0.4153846153846154,0.9076923076923077,0.8384615384615385,3.0,5.0,3.0,5.0,5.0,21.0
003031.SZ,中瓷电子,SW1通信,2025-09-30,7.1922,7.77,36.9814,18.3457,29.154,0.768595041322314,0.55,0.7768595041322314,0.9421487603305785,0.8016528925619835,4.0,3.0,4.0,5.0,5.0,21.0
300160.SZ,秀强股份,SW1家用电器,2025-09-30,6.6502,6.07,26.3264,17.0039,14.753,0.5913978494623656,0.6032608695652174,0.6129032258064516,0.8602150537634409,0.9032258064516129,3.0,4.0,4.0,5.0,5.0,21.0
300164.SZ,通源石油,SW1石油石化,2025-09-30,3.9565,8.48,25.0437,27.7353,6.2634,0.574468085106383,0.7021276595744681,0.8297872340425532,0.6170212765957447,0.8297872340425532,3.0,4.0,5.0,4.0,5.0,21.0
300174.SZ,元力股份,SW1基础化工,2025-09-30,5.0984,3.75,25.2364,17.3784,9.4544,0.6259351620947631,0.6030927835051546,0.6972704714640199,0.6178660049627791,0.8312655086848635,4.0,4.0,4.0,4.0,5.0,21.0
600777.SH,XD新潮能,SW1石油石化,2025-09-30,5.802,-21.57,43.0423,34.6058,74.0037,0.7446808510638298,0.44680851063829785,0.9361702127659575,1.0,0.7234042553191489,4.0,3.0,5.0,5.0,4.0,21.0
600633.SH,浙数文化,SW1传媒,2025-09-30,5.2931,-21.6,54.7193,11.5415,15.0544,0.6846153846153846,0.5736434108527132,0.823076923076923,0.7153846153846154,0.9230769230769231,4.0,3.0,5.0,4.0,5.0,21.0
600638.SH,新黄浦,SW1房地产,2025-09-30,3.006,67.03,36.4462,77.1518,252.1043,0.7752808988764045,0.8736842105263158,0.8736842105263158,0.9894736842105263,0.2210526315789474,4.0,5.0,5.0,5.0,2.0,21.0
600660.SH,福耀玻璃,SW1汽车,2025-09-30,19.8511,33.31,37.3598,49.7904,29.6819,0.9678571428571429,0.7781954887218046,0.975177304964539,0.9787234042553191,0.3900709219858156,5.0,4.0,5.0,5.0,2.0,21.0
002833.SZ,弘亚数控,SW1机械设备,2025-09-30,11.6306,-11.91,32.0588,27.7268,26.1776,0.9128787878787878,0.48148148148148145,0.6622641509433962,0.9283018867924528,0.6981132075471699,5.0,3.0,4.0,5.0,4.0,21.0
603998.SH,方盛制药,SW1医药生物,2025-09-30,16.2844,39.1,71.2754,42.2007,17.9425,0.9682203389830508,0.8383620689655172,0.8033826638477801,0.6723044397463002,0.2494714587737844,5.0,5.0,5.0,4.0,2.0,21.0
605020.SH,永和股份,SW1基础化工,2025-09-30,11.0431,37.22,26.0328,28.4766,13.2532,0.9077306733167082,0.7989690721649485,0.7196029776674938,0.7220843672456576,0.6575682382133995,5.0,4.0,4.0,4.0,4.0,21.0
002287.SZ,奇正藏药,SW1医药生物,2025-09-30,9.5534,0.38,82.2541,26.9243,32.9979,0.8411016949152542,0.5905172413793104,0.9281183932346723,0.9344608879492601,0.5010570824524313,5.0,3.0,5.0,5.0,3.0,21.0
002299.SZ,圣农发展,SW1农林牧渔,2025-09-30,10.6328,14.89,12.1705,51.58,20.9874,0.898989898989899,0.8155339805825242,0.46078431372549017,0.8431372549019608,0.4368932038834952,5.0,5.0,3.0,5.0,3.0,21.0
002181.SZ,粤 传 媒,SW1传媒,2025-09-30,2.7423,267.22,30.3612,15.9045,21.6429,0.5769230769230769,0.9767441860465116,0.5230769230769231,0.8,0.8692307692307693,3.0,5.0,3.0,5.0,5.0,21.0
002201.SZ,九鼎新材,SW1建筑材料,2025-09-30,6.6794,-23.85,28.0507,63.2477,13.3632,0.8309859154929577,0.6901408450704225,0.8309859154929577,0.8028169014084507,0.2535211267605634,5.0,4.0,5.0,5.0,2.0,21.0
605098.SH,行动教育,SW1社会服务,2025-09-30,22.3031,23.24,78.5369,55.3734,27.4952,0.9487179487179487,0.8461538461538461,1.0,0.6625,0.23750000000000004,5.0,5.0,5.0,4.0,2.0,21.0
600573.SH,惠泉啤酒,SW1食品饮料,2025-09-30,7.3722,33.39,37.5791,23.2287,34.5901,0.6065573770491803,0.8016528925619835,0.5819672131147541,0.9836065573770492,0.6557377049180328,4.0,5.0,3.0,5.0,4.0,21.0
600580.SH,卧龙电驱,SW1电力设备,2025-09-30,7.894,50.53,25.378,55.242,9.4998,0.8092643051771117,0.8290598290598291,0.727027027027027,0.7297297297297297,0.4135135135135135,5.0,5.0,4.0,4.0,3.0,21.0
300247.SZ,融捷健康,SW1家用电器,2025-09-30,6.0607,57.58,36.7634,17.126,6.4833,0.5591397849462365,0.9239130434782609,0.8387096774193549,0.5483870967741935,0.8924731182795699,3.0,5.0,5.0,3.0,5.0,21.0
600367.SH,红星发展,SW1基础化工,2025-09-30,4.411,125.87,25.4017,16.6284,11.9376,0.5586034912718204,0.9226804123711341,0.7047146401985112,0.6947890818858561,0.8362282878411911,3.0,5.0,4.0,4.0,5.0,21.0
600382.SH,广东明珠,SW1钢铁,2025-09-30,8.3327,-97.01,63.2668,16.1694,30.5947,0.9047619047619048,0.11627906976744186,1.0,0.9302325581395349,0.9069767441860466,5.0,1.0,5.0,5.0,5.0,21.0
600415.SH,小商品城,SW1商贸零售,2025-09-30,16.1979,14.8,37.2253,50.8577,73.5403,0.9797979797979798,0.7777777777777778,0.6868686868686869,0.9797979797979798,0.4949494949494949,5.0,4.0,4.0,5.0,3.0,21.0
600246.SH,万通发展,SW1房地产,2025-09-30,-0.3799,18.73,29.4104,32.0087,52.9267,0.449438202247191,0.7789473684210526,0.7684210526315789,0.9473684210526315,0.8631578947368421,3.0,4.0,4.0,5.0,5.0,21.0
600299.SH,安迪苏,SW1基础化工,2025-09-30,6.1031,2188.27,27.8659,32.6916,17.6663,0.6982543640897756,0.9948453608247423,0.7593052109181141,0.8287841191066998,0.5930521091811414,4.0,5.0,4.0,5.0,3.0,21.0
600163.SH,中闽能源,SW1公用事业,2025-09-30,4.7822,-4.23,52.1204,37.5828,144.6181,0.4148148148148148,0.4962962962962963,0.9117647058823529,1.0,0.8014705882352942,3.0,3.0,5.0,5.0,5.0,21.0
300295.SZ,*ST三六,SW1传媒,2025-09-30,-0.5873,-8.96,80.1339,7.2737,115.0837,0.3153846153846154,0.6511627906976745,0.9615384615384616,1.0,0.9769230769230769,2.0,4.0,5.0,5.0,5.0,21.0
300196.SZ,长海股份,SW1建筑材料,2025-09-30,5.483,-7.23,23.6947,36.3983,8.7799,0.7605633802816901,0.8028169014084507,0.647887323943662,0.6056338028169014,0.704225352112676,4.0,5.0,4.0,4.0,4.0,21.0
300218.SZ,安利股份,SW1基础化工,2025-09-30,8.1682,189.2,25.2188,30.6703,6.0203,0.827930174563591,0.9536082474226805,0.6947890818858561,0.47642679900744417,0.6277915632754343,5.0,5.0,4.0,3.0,4.0,21.0
600211.SH,西藏药业,SW1医药生物,2025-09-30,19.3266,30.46,93.7335,32.2466,34.1298,0.9788135593220338,0.7995689655172413,0.985200845665962,0.9492600422832981,0.39323467230443976,5.0,4.0,5.0,5.0,2.0,21.0
600064.SH,南京高科,SW1房地产,2025-09-30,12.6663,10.71,24.0218,48.2062,28.0193,0.9887640449438202,0.7368421052631579,0.6631578947368421,0.7789473684210526,0.7052631578947368,5.0,4.0,4.0,4.0,4.0,21.0
301680.SZ,固德电材,SW1汽车,2025-12-31,26.3286,12.34,30.2432,29.6085,8.8466,0.9857142857142858,0.6015037593984962,0.8936170212765957,0.549645390070922,0.7446808510638299,5.0,4.0,5.0,3.0,4.0,21.0
300373.SZ,扬杰科技,SW1电子,2025-09-30,10.8125,8.58,35.0367,41.183,19.0233,0.9010526315789473,0.6062639821029083,0.7684210526315789,0.8042105263157895,0.41052631578947374,5.0,4.0,4.0,5.0,3.0,21.0
300398.SZ,飞凯材料,SW1电子,2025-09-30,6.5047,100.55,36.1572,27.4148,16.7335,0.7242105263157895,0.883668903803132,0.7936842105263158,0.7621052631578947,0.6378947368421053,4.0,5.0,4.0,4.0,4.0,21.0
300274.SZ,阳光电源,SW1电力设备,2025-09-30,29.0246,17.23,34.8777,60.058,14.9298,0.9918256130790191,0.717948717948718,0.9054054054054054,0.8432432432432433,0.35945945945945945,5.0,4.0,5.0,5.0,2.0,21.0
300285.SZ,国瓷材料,SW1电子,2025-09-30,7.1341,7.64,37.833,21.4062,18.9302,0.76,0.5995525727069351,0.8189473684210526,0.8021052631578948,0.7305263157894737,4.0,3.0,5.0,5.0,4.0,21.0
603283.SH,赛腾股份,SW1机械设备,2025-09-30,12.4883,-17.17,46.1831,42.0258,16.2747,0.9242424242424242,0.442495126705653,0.9433962264150944,0.8113207547169812,0.44150943396226416,5.0,3.0,5.0,5.0,3.0,21.0
000795.SZ,英洛华,SW1有色金属,2025-09-30,7.595,160.41,19.725,36.507,7.441,0.6148148148148148,0.937984496124031,0.7037037037037037,0.6370370370370371,0.6814814814814815,4.0,5.0,4.0,4.0,4.0,21.0
688336.SH,三生国健,SW1医药生物,2025-09-30,6.9571,144.0,76.849,33.5069,252.0834,0.7309322033898306,0.9439655172413793,0.8752642706131079,1.0,0.37420718816067655,4.0,5.0,5.0,5.0,2.0,21.0
688355.SH,明志科技,SW1机械设备,2025-09-30,4.1068,352.42,31.2414,23.0944,55.283,0.5378787878787878,0.9844054580896686,0.6415094339622641,0.9924528301886792,0.7735849056603774,3.0,5.0,4.0,5.0,4.0,21.0
688273.SH,麦澜德,SW1医药生物,2025-09-30,7.1639,17.75,70.0514,9.5154,17.254,0.7478813559322034,0.7306034482758621,0.7885835095137421,0.6511627906976745,0.8879492600422833,4.0,4.0,4.0,4.0,5.0,21.0
001256.SZ,炜冈科技,SW1机械设备,2025-09-30,6.8895,8.3,33.5907,23.752,15.873,0.7424242424242424,0.672514619883041,0.6962264150943396,0.8037735849056604,0.7641509433962264,4.0,4.0,4.0,5.0,4.0,21.0
001260.SZ,坤泰股份,SW1汽车,2025-09-30,4.6045,0.84,27.7543,22.4966,17.9086,0.42142857142857143,0.49624060150375937,0.8297872340425532,0.8652482269503546,0.8404255319148937,3.0,3.0,5.0,5.0,5.0,21.0
001296.SZ,长江材料,SW1基础化工,2025-09-30,6.5491,-9.25,26.8203,18.9241,22.2256,0.7331670822942643,0.520618556701031,0.7468982630272953,0.890818858560794,0.8163771712158809,4.0,3.0,4.0,5.0,5.0,21.0
000920.SZ,沃顿科技,SW1基础化工,2025-09-30,10.1326,16.47,39.9168,23.5408,8.8259,0.8877805486284289,0.6984536082474226,0.9305210918114144,0.5955334987593052,0.7543424317617866,5.0,4.0,5.0,3.0,4.0,21.0
603209.SH,兴通股份,SW1交通运输,2025-09-30,6.5993,36.67,28.2166,36.0178,32.8403,0.656,0.8790322580645161,0.68,0.672,0.616,4.0,5.0,4.0,4.0,4.0,21.0
002830.SZ,名雕股份,SW1建筑装饰,2025-09-30,2.4033,4.77,31.4338,52.8609,23.088,0.48936170212765956,0.7448275862068966,0.8620689655172413,0.9246575342465754,0.6575342465753424,3.0,4.0,5.0,5.0,4.0,21.0
600004.SH,白云机场,SW1交通运输,2025-09-30,5.8598,100.78,29.0322,30.6982,48.48,0.568,0.9435483870967742,0.688,0.888,0.696,3.0,5.0,4.0,5.0,4.0,21.0
002098.SZ,浔兴股份,SW1纺织服饰,2025-09-30,12.016,78.07,33.474,34.2583,9.3548,0.9134615384615384,0.9038461538461539,0.6,0.6095238095238096,0.5047619047619047,5.0,5.0,4.0,4.0,3.0,21.0
688099.SH,晶晨股份,SW1电子,2025-09-30,10.287,64.27,37.1226,13.7053,-5.663,0.8842105263157894,0.8322147651006712,0.8042105263157895,0.1726315789473684,0.8589473684210527,5.0,5.0,5.0,1.0,5.0,21.0
688016.SH,心脉医疗,SW1医药生物,2025-09-30,11.0743,1.14,70.3996,15.8499,35.7912,0.8707627118644068,0.5948275862068966,0.7928118393234672,0.9577167019027484,0.7420718816067653,5.0,3.0,4.0,5.0,4.0,21.0
688019.SH,安集科技,SW1电子,2025-09-30,20.1542,32.51,56.6082,30.16,15.1928,0.9852631578947368,0.738255033557047,0.9768421052631578,0.7178947368421053,0.5894736842105264,5.0,4.0,5.0,4.0,3.0,21.0
002151.SZ,北斗星通,SW1国防军工,2025-09-30,0.3529,615.45,37.4486,17.6946,21.1074,0.3656716417910448,1.0,0.6567164179104478,0.8805970149253731,0.8134328358208955,2.0,5.0,4.0,5.0,5.0,21.0
002158.SZ,汉钟精机,SW1机械设备,2025-09-30,9.1334,-0.29,34.8994,29.9744,26.7377,0.8276515151515151,0.571150097465887,0.7358490566037735,0.930188679245283,0.6716981132075472,5.0,3.0,4.0,5.0,4.0,21.0
002041.SZ,登海种业,SW1农林牧渔,2025-09-30,1.4961,-72.04,30.7369,21.9952,40.3417,0.42424242424242425,0.4563106796116505,0.8529411764705882,0.9411764705882353,0.8349514563106796,3.0,3.0,5.0,5.0,5.0,21.0
600025.SH,华能水电,SW1公用事业,2025-09-30,9.7409,8.11,60.6751,61.2821,71.748,0.8518518518518519,0.6592592592592592,0.9852941176470589,0.9044117647058824,0.34558823529411764,5.0,4.0,5.0,5.0,2.0,21.0
603360.SH,百傲化学,SW1基础化工,2025-09-30,7.5877,9.27,33.9185,43.1499,18.5358,0.7955112219451371,0.6288659793814433,0.8759305210918115,0.8560794044665012,0.40198511166253104,4.0,4.0,5.0,5.0,3.0,21.0
603231.SH,索宝蛋白,SW1农林牧渔,2025-09-30,7.6438,-16.99,17.91,9.6669,10.4029,0.797979797979798,0.6699029126213593,0.6764705882352942,0.6176470588235294,0.9611650485436893,4.0,4.0,4.0,4.0,5.0,21.0
603931.SH,格林达,SW1电子,2025-09-30,5.8079,-16.46,30.7218,8.3127,25.3101,0.6631578947368421,0.4563758389261745,0.671578947368421,0.8905263157894737,0.9431578947368421,4.0,3.0,4.0,5.0,5.0,21.0
002353.SZ,杰瑞股份,SW1机械设备,2025-09-30,8.3502,7.7,31.29,39.5067,28.0948,0.8143939393939394,0.6705653021442495,0.6433962264150943,0.939622641509434,0.4867924528301887,5.0,4.0,4.0,5.0,3.0,21.0
002380.SZ,科远智慧,SW1计算机,2025-09-30,9.3097,58.38,40.8405,38.4442,24.8523,0.9279279279279279,0.852760736196319,0.6186186186186187,0.9309309309309309,0.3873873873873874,5.0,5.0,4.0,5.0,2.0,21.0
000923.SZ,河钢资源,SW1钢铁,2025-09-30,5.4055,-43.71,60.0647,24.4331,11.8519,0.6904761904761905,0.3488372093023256,0.9767441860465116,0.813953488372093,0.8604651162790697,4.0,2.0,5.0,5.0,5.0,21.0
603281.SH,江瀚新材,SW1基础化工,2025-09-30,6.6819,-8.03,28.3726,10.3044,27.031,0.7381546134663342,0.5231958762886598,0.7766749379652605,0.9305210918114144,0.9106699751861043,4.0,3.0,4.0,5.0,5.0,21.0
301548.SZ,崇德科技,SW1机械设备,2025-09-30,6.8058,13.99,37.217,14.7623,9.21,0.740530303030303,0.7212475633528265,0.7886792452830189,0.6339622641509434,0.9150943396226415,4.0,4.0,4.0,4.0,5.0,21.0
300441.SZ,鲍斯股份,SW1机械设备,2025-09-30,6.4728,152.78,29.6613,27.5687,19.7447,0.7178030303030303,0.9571150097465887,0.5886792452830188,0.8679245283018868,0.7,4.0,5.0,3.0,5.0,4.0,21.0
300371.SZ,汇中股份,SW1机械设备,2025-09-30,6.1127,-44.74,49.1669,8.3297,35.2263,0.7007575757575758,0.2631578947368421,0.9509433962264151,0.9716981132075472,0.9886792452830189,4.0,2.0,5.0,5.0,5.0,21.0
301419.SZ,阿莱德,SW1通信,2025-09-30,5.507,-19.83,37.7673,9.1764,17.8141,0.6942148760330579,0.4,0.7851239669421488,0.8347107438016529,0.9834710743801653,4.0,3.0,4.0,5.0,5.0,21.0
301330.SZ,熵基科技,SW1计算机,2025-09-30,3.8013,1.87,51.099,19.3864,18.6096,0.7567567567567568,0.6901840490797546,0.7537537537537538,0.8798798798798799,0.7177177177177176,4.0,4.0,4.0,5.0,4.0,21.0
301338.SZ,凯格精机,SW1机械设备,2025-09-30,7.9994,30.25,42.0445,41.2191,10.9687,0.8011363636363636,0.7992202729044834,0.8735849056603774,0.6773584905660377,0.46037735849056605,5.0,4.0,5.0,4.0,3.0,21.0
301371.SZ,敷尔佳,SW1美容护理,2025-09-30,5.7787,-11.77,81.1105,3.5975,18.7479,0.5185185185185185,0.4642857142857143,0.9642857142857143,0.9285714285714286,0.9642857142857143,3.0,3.0,5.0,5.0,5.0,21.0
301287.SZ,康力源,SW1轻工制造,2025-09-30,4.922,-16.13,35.001,29.0552,17.4702,0.6103896103896104,0.4794520547945205,0.8701298701298701,0.8376623376623377,0.6753246753246753,4.0,3.0,5.0,5.0,4.0,21.0
000722.SZ,湖南发展,SW1公用事业,2025-09-30,2.0484,43.74,44.5246,9.5085,74.4805,0.17777777777777778,0.8666666666666667,0.8676470588235294,0.9264705882352942,0.9852941176470589,1.0,5.0,5.0,5.0,5.0,21.0
000596.SZ,古井贡酒,SW1食品饮料,2025-09-30,15.8033,20.74,79.8669,30.5493,15.9946,0.9016393442622951,0.7107438016528925,0.9754098360655737,0.6475409836065574,0.5081967213114754,5.0,4.0,5.0,4.0,3.0,21.0
000598.SZ,兴蓉环境,SW1环保,2025-09-30,9.3734,8.75,47.8987,57.6582,36.6394,0.9153846153846154,0.6434108527131783,0.9384615384615385,0.8769230769230769,0.34615384615384615,5.0,4.0,5.0,5.0,2.0,21.0
688580.SH,伟思医疗,SW1医药生物,2025-09-30,6.2186,-25.16,66.861,9.0595,32.0727,0.6779661016949152,0.40948275862068967,0.7568710359408034,0.9260042283298098,0.8942917547568711,4.0,3.0,4.0,5.0,5.0,21.0
688112.SH,鼎阳科技,SW1机械设备,2025-09-30,7.1687,-27.79,61.1296,7.5658,29.1978,0.7556818181818182,0.3664717348927875,0.9811320754716981,0.9528301886792453,0.9905660377358491,4.0,2.0,5.0,5.0,5.0,21.0
688113.SH,联测科技,SW1机械设备,2025-09-30,7.9284,-8.14,44.5562,33.6313,18.1174,0.7992424242424242,0.5107212475633528,0.9264150943396227,0.839622641509434,0.6075471698113207,4.0,3.0,5.0,5.0,4.0,21.0
688116.SH,天奈科技,SW1电力设备,2025-09-30,5.8777,-16.87,36.8222,34.4364,12.2166,0.667574931880109,0.4843304843304843,0.9216216216216216,0.8027027027027027,0.7621621621621621,4.0,3.0,5.0,5.0,4.0,21.0
688120.SH,华海清科,SW1电子,2025-09-30,11.5745,41.4,44.0881,42.4441,13.2912,0.911578947368421,0.7829977628635347,0.8989473684210526,0.6673684210526316,0.4,5.0,4.0,5.0,4.0,3.0,21.0
002026.SZ,山东威达,SW1机械设备,2025-09-30,6.1917,68.19,23.6159,19.7442,19.1033,0.7083333333333334,0.898635477582846,0.37924528301886795,0.8584905660377359,0.8301886792452831,4.0,5.0,2.0,5.0,5.0,21.0
002034.SZ,旺能环境,SW1环保,2025-09-30,8.0085,-1.92,41.2599,49.4313,46.1035,0.8692307692307693,0.5193798449612403,0.8769230769230769,0.9384615384615385,0.5692307692307692,5.0,3.0,5.0,5.0,3.0,21.0
002039.SZ,黔源电力,SW1公用事业,2025-09-30,11.9415,-11.01,63.5265,51.607,67.1107,0.9333333333333333,0.42962962962962964,1.0,0.8823529411764706,0.5808823529411764,5.0,3.0,5.0,5.0,3.0,21.0
688138.SH,清溢光电,SW1电子,2025-09-30,6.8194,28.49,31.4826,29.0229,25.5012,0.7452631578947368,0.7136465324384788,0.6863157894736842,0.8926315789473684,0.6063157894736841,4.0,4.0,4.0,5.0,4.0,21.0
688060.SH,云涌科技,SW1计算机,2025-09-30,-1.0614,354.78,32.9711,8.4418,10.7594,0.4294294294294294,0.9662576687116564,0.4864864864864865,0.8078078078078078,0.9099099099099099,3.0,5.0,3.0,5.0,5.0,21.0
688065.SH,凯赛生物,SW1基础化工,2025-09-30,3.0969,16.17,34.7543,9.5038,10.7304,0.4613466334164589,0.6932989690721649,0.8858560794044665,0.6650124069478908,0.9280397022332506,3.0,4.0,5.0,4.0,5.0,21.0
688432.SH,有研硅,SW1电子,2025-09-30,3.5537,-6.6,38.5146,8.5032,26.929,0.49473684210526314,0.5100671140939598,0.8252631578947368,0.9010526315789473,0.9389473684210526,3.0,3.0,5.0,5.0,5.0,21.0
688439.SH,振华风光,SW1国防军工,2025-09-30,1.8386,-43.31,58.5652,9.2781,11.9844,0.5149253731343284,0.46153846153846156,0.9477611940298507,0.8134328358208955,0.9402985074626866,3.0,3.0,5.0,5.0,5.0,21.0
002595.SZ,豪迈科技,SW1机械设备,2025-09-30,16.8187,24.95,33.9894,17.0449,6.7348,0.9810606060606061,0.7699805068226121,0.7056603773584905,0.5509433962264151,0.8773584905660378,5.0,4.0,4.0,3.0,5.0,21.0
002605.SZ,姚记科技,SW1传媒,2025-09-30,10.7525,-5.12,44.4557,28.096,18.282,0.9076923076923077,0.6976744186046512,0.7461538461538462,0.7615384615384615,0.6384615384615384,5.0,4.0,4.0,4.0,4.0,21.0
002489.SZ,浙江永强,SW1轻工制造,2025-09-30,15.4599,1206.3,21.0985,36.4222,26.6958,0.9675324675324676,1.0,0.461038961038961,0.9415584415584416,0.5584415584415585,5.0,5.0,3.0,5.0,3.0,21.0
603501.SH,豪威集团,SW1电子,2025-09-30,12.3686,503.93,30.4292,37.3419,12.2857,0.9305263157894736,0.9843400447427293,0.6673684210526316,0.64,0.46947368421052627,5.0,5.0,4.0,4.0,3.0,21.0
603311.SH,金海高科,SW1家用电器,2025-09-30,5.7095,32.2,23.2922,23.7192,14.8961,0.5053763440860215,0.8260869565217391,0.5591397849462365,0.8817204301075269,0.8602150537634409,3.0,5.0,3.0,5.0,5.0,21.0
603320.SH,迪贝电气,SW1电力设备,2025-09-30,6.2187,60.86,15.855,15.8883,9.7828,0.6975476839237057,0.8518518518518519,0.4243243243243243,0.7378378378378379,0.9378378378378378,4.0,5.0,3.0,4.0,5.0,21.0
002553.SZ,南方精工,SW1汽车,2025-09-30,28.2295,-36.1,32.0123,18.4296,13.0233,0.9964285714285714,0.23684210526315788,0.925531914893617,0.7021276595744681,0.8900709219858156,5.0,2.0,5.0,4.0,5.0,21.0
002565.SZ,顺灏股份,SW1轻工制造,2025-09-30,3.5836,86.47,26.953,22.3329,11.9871,0.5064935064935064,0.9452054794520548,0.6818181818181818,0.6753246753246753,0.8116883116883117,3.0,5.0,4.0,4.0,5.0,21.0
688459.SH,哈铁科技,SW1机械设备,2025-09-30,1.6601,14.66,40.5245,14.7843,28.2983,0.2897727272727273,0.7309941520467836,0.8528301886792453,0.9415094339622642,0.9132075471698113,2.0,4.0,5.0,5.0,5.0,21.0
688475.SH,萤石网络,SW1计算机,2025-09-30,7.5844,-10.52,43.6296,33.8468,11.8829,0.8918918918918919,0.6257668711656442,0.6456456456456456,0.8168168168168168,0.44744744744744747,5.0,4.0,4.0,5.0,3.0,21.0
300406.SZ,九强生物,SW1医药生物,2025-09-30,6.6954,1.74,79.8612,24.5477,42.1892,0.7139830508474576,0.6012931034482759,0.9069767441860465,0.9873150105708245,0.5433403805496828,4.0,4.0,5.0,5.0,3.0,21.0
301299.SZ,卓创资讯,SW1传媒,2025-09-30,8.2434,35.43,62.6826,39.8654,19.9097,0.8076923076923077,0.8682170542635659,0.8846153846153846,0.7846153846153846,0.32307692307692304,5.0,5.0,5.0,4.0,2.0,21.0
301315.SZ,威士顿,SW1计算机,2025-09-30,2.0983,-11.17,36.4619,3.0776,28.632,0.6666666666666666,0.6134969325153374,0.5345345345345346,0.9579579579579579,0.987987987987988,4.0,4.0,3.0,5.0,5.0,21.0
301215.SZ,中汽股份,SW1汽车,2025-09-30,5.4525,1.03,60.6095,17.4995,37.3917,0.49642857142857144,0.5,1.0,0.9964539007092199,0.9113475177304965,3.0,3.0,5.0,5.0,5.0,21.0
300563.SZ,神宇股份,SW1通信,2025-09-30,4.9861,56.38,20.2267,24.6379,27.6016,0.6611570247933884,0.8,0.4132231404958678,0.9256198347107438,0.7272727272727273,4.0,5.0,3.0,5.0,4.0,21.0
300570.SZ,太辰光,SW1通信,2025-09-30,16.2558,77.8,38.0547,20.148,5.3977,0.9338842975206612,0.85,0.7933884297520661,0.5950413223140496,0.7768595041322314,5.0,5.0,4.0,3.0,4.0,21.0
301269.SZ,华大九天,SW1计算机,2025-09-30,0.1776,-45.46,90.5132,8.0013,22.9393,0.4954954954954955,0.4233128834355828,0.984984984984985,0.9159159159159159,0.9219219219219219,3.0,3.0,5.0,5.0,5.0,21.0
301158.SZ,德石股份,SW1机械设备,2025-09-30,7.0667,14.63,35.6847,26.1766,24.5778,0.7462121212121212,0.7290448343079922,0.7528301886792453,0.9150943396226415,0.7245283018867925,4.0,4.0,4.0,5.0,4.0,21.0
301162.SZ,国能日新,SW1计算机,2025-09-30,5.6157,15.5,61.0268,33.8052,9.656,0.8468468468468469,0.7699386503067485,0.8528528528528528,0.7867867867867868,0.4504504504504504,5.0,4.0,5.0,4.0,3.0,21.0
300611.SZ,美力科技,SW1汽车,2025-09-30,10.0821,262.72,24.4619,45.2263,11.3651,0.8071428571428572,0.9699248120300752,0.7446808510638298,0.6418439716312057,0.4822695035460993,5.0,5.0,4.0,4.0,3.0,21.0
300623.SZ,捷捷微电,SW1电子,2025-09-30,5.9246,144.14,32.7657,31.0865,23.5289,0.671578947368421,0.9105145413870246,0.7115789473684211,0.8652631578947368,0.5705263157894737,4.0,5.0,4.0,5.0,3.0,21.0
300627.SZ,华测导航,SW1通信,2025-09-30,13.1408,31.45,60.4103,24.9966,1.9674,0.9008264462809917,0.6916666666666667,0.9834710743801653,0.48760330578512395,0.71900826446281,5.0,4.0,5.0,3.0,4.0,21.0
300517.SZ,海波重科,SW1建筑装饰,2025-09-30,-0.7964,280.37,19.0522,26.2658,75.8886,0.2978723404255319,0.9724137931034482,0.6137931034482759,0.9931506849315068,0.8904109589041096,2.0,5.0,4.0,5.0,5.0,21.0
301195.SZ,北路智控,SW1计算机,2025-09-30,4.3718,-10.56,44.3674,13.516,-0.3566,0.7897897897897898,0.6226993865030674,0.6576576576576577,0.6216216216216216,0.8318318318318318,4.0,4.0,4.0,4.0,5.0,21.0
301196.SZ,唯科科技,SW1基础化工,2025-09-30,6.9111,28.65,30.2008,20.0521,13.6101,0.7531172069825436,0.7603092783505154,0.8188585607940446,0.7344913151364765,0.7965260545905707,4.0,4.0,5.0,4.0,4.0,21.0
301088.SZ,戎美股份,SW1纺织服饰,2025-09-30,1.7056,25.95,43.3217,2.3229,15.4504,0.375,0.8461538461538461,0.7047619047619048,0.8095238095238095,0.9904761904761905,2.0,5.0,4.0,5.0,5.0,21.0
301092.SZ,争光股份,SW1基础化工,2025-09-30,4.1344,-5.33,29.3181,12.7253,18.3804,0.5261845386533666,0.5515463917525774,0.8064516129032258,0.8511166253101737,0.8883374689826302,3.0,3.0,5.0,5.0,5.0,21.0
301110.SZ,青木科技,SW1商贸零售,2025-09-30,5.5422,103.32,56.3347,16.0536,2.8772,0.7878787878787878,0.9191919191919192,0.8888888888888888,0.37373737373737376,0.8282828282828283,4.0,5.0,5.0,2.0,5.0,21.0
301119.SZ,正强股份,SW1汽车,2025-09-30,8.8998,-6.68,31.7226,31.0608,26.6021,0.7285714285714285,0.4473684210526316,0.9219858156028369,0.9716312056737588,0.7198581560283688,4.0,3.0,5.0,5.0,4.0,21.0
603655.SH,朗博科技,SW1汽车,2025-09-30,5.9335,39.35,38.6039,7.2294,9.3716,0.5535714285714286,0.8195488721804511,0.9858156028368794,0.5780141843971631,0.9929078014184397,3.0,5.0,5.0,3.0,5.0,21.0
603659.SH,璞泰来,SW1电力设备,2025-09-30,8.9155,-35.22,32.4467,54.3591,15.4066,0.8419618528610354,0.4131054131054131,0.8756756756756757,0.8540540540540541,0.43513513513513513,5.0,3.0,5.0,5.0,3.0,21.0
603662.SH,柯力传感,SW1机械设备,2025-09-30,9.366,-8.94,44.1156,30.1614,15.0983,0.8371212121212122,0.5029239766081871,0.9207547169811321,0.779245283018868,0.6660377358490566,5.0,3.0,5.0,4.0,4.0,21.0
002545.SZ,东方铁塔,SW1基础化工,2025-09-30,9.0287,-11.11,40.5312,32.4242,42.8227,0.8528678304239401,0.5103092783505154,0.9379652605459057,0.9826302729528535,0.598014888337469,5.0,3.0,5.0,5.0,3.0,21.0
002410.SZ,广联达,SW1计算机,2025-09-30,5.225,126.89,87.3499,36.5217,-3.1529,0.8258258258258259,0.9049079754601227,0.9669669669669669,0.5555555555555556,0.41741741741741745,5.0,5.0,5.0,3.0,3.0,21.0
002412.SZ,汉森制药,SW1医药生物,2025-09-30,3.6972,7.43,77.041,11.7722,21.8429,0.4894067796610169,0.6357758620689655,0.879492600422833,0.7758985200845666,0.8350951374207188,3.0,4.0,5.0,4.0,5.0,21.0
603551.SH,奥普科技,SW1家用电器,2025-09-30,13.1415,-4.49,43.9843,33.9319,7.954,0.8924731182795699,0.42391304347826086,0.9354838709677419,0.6344086021505376,0.6559139784946236,5.0,3.0,5.0,4.0,4.0,21.0
603556.SH,海兴电力,SW1电力设备,2025-09-30,10.1023,2.05,39.8911,24.6885,3.667,0.8991825613079019,0.5954415954415955,0.9432432432432433,0.5567567567567567,0.8567567567567568,5.0,3.0,5.0,3.0,5.0,21.0
603587.SH,地素时尚,SW1纺织服饰,2025-09-30,6.4871,-38.51,75.5355,14.8435,20.4323,0.7211538461538461,0.3173076923076923,0.9904761904761905,0.9333333333333333,0.8857142857142857,4.0,2.0,5.0,5.0,5.0,21.0
603601.SH,再升科技,SW1建筑材料,2025-09-30,3.6401,125.41,21.607,27.0578,26.4598,0.6901408450704225,0.9577464788732394,0.5774647887323944,0.971830985915493,0.7746478873239436,4.0,5.0,3.0,5.0,4.0,21.0
603393.SH,新天然气,SW1公用事业,2025-09-30,9.5207,-15.23,41.6467,48.1314,53.6378,0.837037037037037,0.3925925925925926,0.8088235294117647,0.8235294117647058,0.6470588235294117,5.0,2.0,5.0,5.0,4.0,21.0
301043.SZ,绿岛风,SW1机械设备,2025-09-30,7.202,9.14,35.1936,31.6894,18.0586,0.7613636363636364,0.6783625730994152,0.7452830188679245,0.8358490566037736,0.6452830188679246,4.0,4.0,4.0,5.0,4.0,21.0
301050.SZ,雷电微力,SW1国防军工,2025-09-30,5.1677,12.26,33.7332,17.7665,33.8045,0.7835820895522388,0.7384615384615385,0.5447761194029851,0.9477611940298507,0.8059701492537313,4.0,4.0,3.0,5.0,5.0,21.0
300653.SZ,正海生物,SW1医药生物,2025-09-30,7.6452,-29.49,85.0293,9.3673,26.9105,0.7838983050847458,0.3793103448275862,0.9471458773784355,0.8625792811839323,0.8900634249471459,4.0,2.0,5.0,5.0,5.0,21.0
300576.SZ,容大感光,SW1电子,2025-09-30,6.4778,45.44,37.1668,17.5095,13.129,0.72,0.7986577181208053,0.8063157894736842,0.6610526315789473,0.7978947368421052,4.0,4.0,5.0,4.0,4.0,21.0
300580.SZ,贝斯特,SW1汽车,2025-09-30,7.4456,8.86,34.5911,14.7151,14.2499,0.6392857142857142,0.5789473684210527,0.950354609929078,0.75177304964539,0.9397163120567376,4.0,3.0,5.0,4.0,5.0,21.0
300590.SZ,移为通信,SW1通信,2025-09-30,3.3448,8.08,40.6537,10.7065,25.3367,0.5454545454545454,0.5583333333333333,0.8264462809917356,0.9090909090909091,0.9504132231404958,3.0,3.0,5.0,5.0,5.0,21.0
301080.SZ,百普赛斯,SW1医药生物,2025-09-30,5.037,-18.64,91.2344,9.9994,28.8755,0.5847457627118644,0.4482758620689655,0.9725158562367865,0.8942917547568711,0.879492600422833,3.0,3.0,5.0,5.0,5.0,21.0
300695.SZ,兆丰股份,SW1汽车,2025-09-30,11.192,-21.96,27.9601,12.7845,11.6963,0.8821428571428571,0.3233082706766917,0.8404255319148937,0.648936170212766,0.9645390070921985,5.0,2.0,5.0,4.0,5.0,21.0
300699.SZ,光威复材,SW1国防军工,2025-09-30,7.5173,-18.41,41.1758,36.0316,14.5106,0.917910447761194,0.6,0.753731343283582,0.8208955223880597,0.4253731343283582,5.0,4.0,4.0,5.0,3.0,21.0
300701.SZ,森霸传感,SW1电子,2025-09-30,6.4121,-13.13,37.7962,10.1459,13.9124,0.7157894736842105,0.4809843400447427,0.8147368421052632,0.6926315789473684,0.9136842105263158,4.0,3.0,5.0,4.0,5.0,21.0
603848.SH,好太太,SW1轻工制造,2025-09-30,5.7912,-24.08,48.0724,15.9427,13.0493,0.6688311688311688,0.4178082191780822,0.9805194805194806,0.7272727272727273,0.9090909090909091,4.0,3.0,5.0,4.0,5.0,21.0
603856.SH,东宏股份,SW1建筑材料,2025-09-30,6.8918,1.47,19.8902,25.5357,5.8394,0.8591549295774648,0.8591549295774648,0.5352112676056338,0.5211267605633803,0.8309859154929577,5.0,5.0,3.0,3.0,5.0,21.0
603868.SH,飞科电器,SW1家用电器,2025-09-30,14.5019,-55.1,57.0863,16.0215,24.5116,0.9032258064516129,0.17391304347826086,0.978494623655914,0.967741935483871,0.9139784946236559,5.0,1.0,5.0,5.0,5.0,21.0
002461.SZ,珠江啤酒,SW1食品饮料,2025-09-30,8.7464,29.1,51.5084,32.4611,25.4455,0.680327868852459,0.768595041322314,0.8114754098360656,0.8770491803278688,0.47540983606557374,4.0,4.0,5.0,5.0,3.0,21.0
002463.SZ,沪电股份,SW1电子,2025-09-30,21.0767,72.29,35.4028,46.7808,21.4262,0.9894736842105263,0.8501118568232662,0.7768421052631579,0.8357894736842105,0.3136842105263158,5.0,5.0,4.0,5.0,2.0,21.0
002472.SZ,双环传动,SW1汽车,2025-09-30,9.7459,26.7,26.9838,44.9166,20.0714,0.7821428571428571,0.7293233082706767,0.8049645390070922,0.8971631205673759,0.4964539007092199,4.0,4.0,5.0,5.0,3.0,21.0
002318.SZ,久立特材,SW1钢铁,2025-09-30,15.7361,1.91,25.2811,37.3974,6.1377,1.0,0.6744186046511628,0.8837209302325582,0.5581395348837209,0.7906976744186046,5.0,4.0,5.0,3.0,4.0,21.0
603730.SH,岱美股份,SW1汽车,2025-09-30,9.4338,22.66,28.0421,36.5843,15.117,0.7571428571428571,0.6992481203007519,0.8439716312056738,0.7836879432624113,0.648936170212766,4.0,4.0,5.0,4.0,4.0,21.0
603766.SH,隆鑫通用,SW1汽车,2025-09-30,16.5007,122.77,18.8917,43.1875,18.3248,0.9571428571428572,0.9473684210526315,0.5106382978723404,0.8794326241134752,0.5531914893617021,5.0,5.0,3.0,5.0,3.0,21.0
603786.SH,科博达,SW1汽车,2025-09-30,12.0377,24.65,25.6984,32.1183,14.128,0.9035714285714286,0.7030075187969925,0.776595744680851,0.7411347517730497,0.7056737588652482,5.0,4.0,4.0,4.0,4.0,21.0
300717.SZ,华信新材,SW1基础化工,2025-09-30,5.711,23.46,30.5655,25.9831,10.2789,0.6733167082294265,0.7345360824742269,0.8238213399503722,0.6451612903225806,0.7096774193548387,4.0,4.0,5.0,4.0,4.0,21.0
300631.SZ,久吾高科,SW1环保,2025-09-30,3.7977,16.94,45.2325,34.1108,20.571,0.5846153846153846,0.7209302325581395,0.9230769230769231,0.7230769230769231,0.8153846153846154,3.0,4.0,5.0,4.0,5.0,21.0
300634.SZ,彩讯股份,SW1计算机,2025-09-30,6.9347,-33.4,35.4399,14.1016,12.4114,0.8738738738738738,0.49079754601226994,0.5105105105105106,0.8288288288288288,0.8138138138138138,5.0,3.0,3.0,5.0,5.0,21.0
301020.SZ,密封科技,SW1汽车,2025-09-30,7.7353,13.18,29.6034,19.8742,8.417,0.6678571428571428,0.6127819548872181,0.8723404255319149,0.524822695035461,0.8723404255319149,4.0,4.0,5.0,3.0,5.0,21.0
300967.SZ,晓鸣股份,SW1农林牧渔,2025-09-30,21.6843,-128.95,28.2582,43.6969,24.052,1.0,0.2912621359223301,0.8137254901960784,0.8725490196078431,0.6116504854368932,5.0,2.0,5.0,5.0,4.0,21.0
300969.SZ,恒帅股份,SW1汽车,2025-09-30,9.6855,5.75,31.1789,30.1246,21.0515,0.775,0.5451127819548872,0.9113475177304965,0.9148936170212766,0.7340425531914894,4.0,3.0,5.0,5.0,4.0,21.0
300763.SZ,锦浪科技,SW1电力设备,2025-09-30,9.9345,-11.32,36.0437,54.4774,30.138,0.888283378746594,0.5185185185185185,0.918918918918919,0.972972972972973,0.4297297297297298,5.0,3.0,5.0,5.0,3.0,21.0
000718.SZ,苏宁环球,SW1房地产,2025-09-30,1.0682,-6.62,49.6337,29.5488,0.8569,0.6179775280898876,0.6526315789473685,0.9578947368421052,0.43157894736842106,0.9052631578947369,4.0,4.0,5.0,3.0,5.0,21.0
300908.SZ,仲景食品,SW1食品饮料,2025-09-30,8.833,1.81,44.5728,11.0934,23.4949,0.6967213114754098,0.5289256198347108,0.7295081967213115,0.8442622950819673,0.9098360655737705,4.0,3.0,4.0,5.0,5.0,21.0
300922.SZ,天秦装备,SW1国防军工,2025-09-30,3.0375,29.49,35.6604,10.8707,4.8864,0.6119402985074627,0.8461538461538461,0.5895522388059702,0.7686567164179104,0.9253731343283582,4.0,5.0,3.0,4.0,5.0,21.0
300858.SZ,科拓生物,SW1基础化工,2025-09-30,4.2166,0.94,52.0377,5.9038,27.1508,0.5311720698254364,0.5824742268041238,0.9851116625310173,0.9330024813895782,0.9826302729528535,3.0,3.0,5.0,5.0,5.0,21.0
300867.SZ,圣元环保,SW1环保,2025-09-30,5.602,26.7,43.9424,55.8548,46.1467,0.6846153846153846,0.813953488372093,0.9076923076923077,0.9461538461538461,0.39230769230769236,4.0,5.0,5.0,5.0,2.0,21.0
300870.SZ,欧陆通,SW1电力设备,2025-09-30,9.1361,38.32,20.4745,52.1953,12.4469,0.8528610354223434,0.8034188034188035,0.5891891891891892,0.8108108108108109,0.4648648648648649,5.0,5.0,3.0,5.0,3.0,21.0
689009.SH,九号公司-WD,SW1汽车,2025-09-30,26.9238,82.03,29.8873,64.951,26.3197,0.9928571428571429,0.9135338345864662,0.8829787234042553,0.9574468085106383,0.12411347517730498,5.0,5.0,5.0,5.0,1.0,21.0
688217.SH,睿昂基因,SW1医药生物,2025-09-30,-0.6201,439.18,73.4534,4.1665,19.3102,0.2097457627118644,0.9806034482758621,0.8266384778012685,0.7124735729386892,0.9936575052854123,2.0,5.0,5.0,4.0,5.0,21.0
001367.SZ,海森药业,SW1医药生物,2025-09-30,6.3544,17.09,45.5834,8.6928,29.873,0.6885593220338984,0.7241379310344828,0.4439746300211416,0.904862579281184,0.904862579281184,4.0,4.0,3.0,5.0,5.0,21.0
300771.SZ,智莱科技,SW1计算机,2025-09-30,3.4936,65.64,31.5366,16.3258,17.7049,0.7447447447447447,0.8650306748466258,0.4444444444444444,0.8738738738738738,0.7807807807807807,4.0,5.0,3.0,5.0,4.0,21.0
000532.SZ,华金资本,SW1非银金融,2025-09-30,6.7816,194.87,44.4091,32.4594,45.3776,0.6923076923076923,0.9493670886075949,0.7272727272727273,0.4936708860759494,0.9620253164556962,4.0,5.0,4.0,3.0,5.0,21.0
688718.SH,唯赛勃,SW1基础化工,2025-09-30,3.4787,-17.81,32.312,15.4032,18.446,0.48877805486284287,0.48711340206185566,0.8610421836228288,0.8535980148883374,0.8511166253101737,3.0,3.0,5.0,5.0,5.0,21.0
688677.SH,海泰新光,SW1医药生物,2025-09-30,10.406,-5.92,66.5513,17.7053,27.7669,0.8559322033898306,0.5280172413793104,0.7505285412262156,0.8773784355179705,0.6934460887949261,5.0,3.0,4.0,5.0,4.0,21.0
688685.SH,迈信林,SW1国防军工,2025-09-30,7.1895,256.66,50.3876,69.7068,89.4347,0.8955223880597015,0.9615384615384616,0.8955223880597015,1.0,0.03731343283582089,5.0,5.0,5.0,5.0,1.0,21.0
688690.SH,纳微科技,SW1医药生物,2025-09-30,5.949,41.98,72.1574,13.2044,7.8708,0.6546610169491526,0.8512931034482759,0.8118393234672304,0.37420718816067655,0.8033826638477801,4.0,5.0,5.0,2.0,5.0,21.0
000400.SZ,许继电气,SW1电力设备,2025-09-30,7.7913,8.95,23.8815,50.4729,20.2557,0.8010899182561307,0.6367521367521367,0.6756756756756757,0.927027027027027,0.49459459459459465,5.0,4.0,4.0,5.0,3.0,21.0
001219.SZ,青岛食品,SW1食品饮料,2025-09-30,8.881,13.2,39.6481,17.3253,30.0245,0.7131147540983607,0.6198347107438017,0.6311475409836066,0.9262295081967213,0.7786885245901639,4.0,4.0,4.0,5.0,4.0,21.0
000099.SZ,中信海直,SW1交通运输,2025-09-30,4.5344,22.02,24.6775,28.4025,41.9118,0.456,0.8064516129032258,0.624,0.816,0.712,3.0,5.0,4.0,5.0,4.0,21.0
688692.SH,达梦数据,SW1计算机,2025-09-30,9.7888,,96.2557,13.4411,13.1993,0.9429429429429429,,1.0,0.8438438438438438,0.8348348348348349,5.0,,5.0,5.0,5.0,20.0
000551.SZ,创元科技,SW1环保,2025-09-30,8.042,40.66,25.7848,36.6089,10.3629,0.8769230769230769,0.8527131782945736,0.4076923076923077,0.46923076923076923,0.7692307692307692,5.0,5.0,3.0,3.0,4.0,20.0
000533.SZ,顺钠股份,SW1电力设备,2025-09-30,8.8656,48.2,22.1226,61.136,8.7145,0.8392370572207084,0.8262108262108262,0.6243243243243243,0.7081081081081081,0.33513513513513515,5.0,5.0,4.0,4.0,2.0,20.0
000513.SZ,丽珠集团,SW1医药生物,2025-09-30,12.608,21.44,66.3853,37.3746,27.7034,0.913135593220339,0.7456896551724138,0.7484143763213531,0.8752642706131079,0.321353065539112,5.0,4.0,4.0,5.0,2.0,20.0
000088.SZ,盐 田 港,SW1交通运输,2025-09-30,5.9495,17.37,29.8126,18.4166,40.0486,0.576,0.7661290322580645,0.696,0.784,0.88,3.0,4.0,4.0,4.0,5.0,20.0
688767.SH,博拓生物,SW1医药生物,2025-09-30,0.9378,58.38,46.2841,5.4446,24.0443,0.3008474576271186,0.8728448275862069,0.44820295983086683,0.813953488372093,0.9682875264270613,2.0,5.0,3.0,5.0,5.0,20.0
688722.SH,同益中,SW1基础化工,2025-09-30,6.7545,-14.2,30.6051,26.5934,15.9856,0.7456359102244389,0.49742268041237114,0.826302729528536,0.7866004962779156,0.6898263027295286,4.0,3.0,5.0,4.0,4.0,20.0
688480.SH,赛恩斯,SW1环保,2025-09-30,6.8276,95.61,33.87,41.5702,5.4546,0.7692307692307693,0.937984496124031,0.7,0.4307692307692308,0.7,4.0,5.0,4.0,3.0,4.0,20.0
300847.SZ,中船汉光,SW1计算机,2025-09-30,5.9821,29.33,19.4514,8.5994,7.3537,0.8498498498498499,0.8128834355828221,0.1981981981981982,0.7387387387387387,0.9069069069069069,5.0,5.0,1.0,4.0,5.0,20.0
300864.SZ,南大环境,SW1环保,2025-09-30,9.0084,7.67,38.9894,27.9325,-1.6458,0.9076923076923077,0.627906976744186,0.7846153846153846,0.2923076923076923,0.8692307692307693,5.0,4.0,4.0,2.0,5.0,20.0
000733.SZ,振华科技,SW1国防军工,2025-09-30,4.1488,-63.82,45.6673,18.2048,16.3536,0.7089552238805971,0.36153846153846153,0.8208955223880597,0.8432835820895522,0.791044776119403,4.0,2.0,5.0,5.0,4.0,20.0
688536.SH,思瑞浦,SW1电子,2025-09-30,2.2641,468.13,46.4646,13.7199,8.3246,0.38526315789473686,0.9798657718120806,0.9094736842105263,0.5368421052631579,0.8568421052631578,2.0,5.0,5.0,3.0,5.0,20.0
688618.SH,三旺通信,SW1通信,2025-09-30,4.0109,-69.83,59.2537,16.3204,9.7869,0.6115702479338843,0.21666666666666667,0.9752066115702479,0.7024793388429752,0.8429752066115702,4.0,2.0,5.0,4.0,5.0,20.0
000779.SZ,甘咨询,SW1建筑装饰,2025-09-30,4.0522,-9.6,36.5933,27.2683,-8.7105,0.6808510638297872,0.5379310344827586,0.9310344827586207,0.4315068493150685,0.8835616438356164,4.0,3.0,5.0,3.0,5.0,20.0
688508.SH,芯朋微,SW1电子,2025-09-30,6.835,93.9,37.2074,18.268,3.4821,0.7473684210526316,0.8769574944071589,0.8084210526315789,0.37473684210526315,0.7810526315789473,4.0,5.0,5.0,2.0,4.0,20.0
000683.SZ,博源化工,SW1基础化工,2025-09-30,7.3161,34.04,31.8069,50.1666,34.323,0.7755610972568578,0.7835051546391752,0.8535980148883374,0.9602977667493796,0.28287841191067,4.0,4.0,5.0,5.0,2.0,20.0
000681.SZ,视觉中国,SW1传媒,2025-09-30,2.0655,-15.48,42.7473,17.3202,10.5793,0.49230769230769234,0.6356589147286822,0.7384615384615385,0.6615384615384615,0.8461538461538461,3.0,4.0,4.0,4.0,5.0,20.0
688401.SH,路维光电,SW1电子,2025-09-30,11.4927,30.55,34.6103,45.1202,31.4959,0.9094736842105263,0.7225950782997763,0.7536842105263157,0.9368421052631579,0.3536842105263158,5.0,4.0,4.0,5.0,2.0,20.0
688389.SH,普门科技,SW1医药生物,2025-09-30,7.8529,4.72,63.2901,20.7662,22.2707,0.7923728813559322,0.6228448275862069,0.6955602536997886,0.7822410147991543,0.6215644820295982,4.0,4.0,4.0,4.0,4.0,20.0
688385.SH,复旦微电,SW1电子,2025-09-30,5.4725,-25.25,58.4719,26.6605,13.8572,0.6421052631578947,0.40492170022371365,0.9810526315789474,0.6905263157894737,0.6505263157894736,4.0,3.0,5.0,4.0,4.0,20.0
688367.SH,工大高科,SW1机械设备,2025-09-30,0.7993,31.69,27.5607,19.6506,17.7507,0.23863636363636365,0.8011695906432749,0.5226415094339623,0.8301886792452831,0.8339622641509434,2.0,5.0,3.0,5.0,5.0,20.0
688517.SH,金冠电气,SW1电力设备,2025-09-30,7.3269,12.74,28.582,40.0855,10.8146,0.771117166212534,0.6809116809116809,0.7945945945945946,0.7675675675675676,0.6702702702702703,4.0,4.0,4.0,4.0,4.0,20.0
688358.SH,祥生医疗,SW1医药生物,2025-09-30,6.6594,-4.08,59.8206,11.2366,21.3571,0.7097457627118644,0.5366379310344828,0.6448202959830867,0.7610993657505285,0.8498942917547568,4.0,3.0,4.0,4.0,5.0,20.0
688352.SH,颀中科技,SW1电子,2025-09-30,3.0711,-15.71,28.6023,17.5059,23.7057,0.4568421052631579,0.46756152125279643,0.631578947368421,0.871578947368421,0.8,3.0,3.0,4.0,5.0,5.0,20.0
688351.SH,微电生理,SW1医药生物,2025-09-30,2.3731,815.36,59.0929,8.7292,10.9448,0.4004237288135593,0.9870689655172413,0.6300211416490487,0.45665961945031713,0.9027484143763214,3.0,5.0,4.0,3.0,5.0,20.0
688338.SH,赛科希德,SW1医药生物,2025-09-30,3.8995,-3.38,62.2166,4.6662,24.8543,0.5084745762711864,0.5431034482758621,0.6807610993657506,0.8329809725158562,0.9873150105708245,3.0,3.0,4.0,5.0,5.0,20.0
300913.SZ,兆龙互连,SW1通信,2025-09-30,10.8465,55.9,20.441,20.3187,11.774,0.8925619834710744,0.7916666666666666,0.4214876033057851,0.7520661157024794,0.768595041322314,5.0,4.0,3.0,4.0,4.0,20.0
300880.SZ,迦南智能,SW1电力设备,2025-09-30,6.4525,22.83,24.1419,26.0609,0.867,0.7138964577656676,0.7492877492877493,0.6891891891891891,0.43243243243243246,0.8486486486486486,4.0,4.0,4.0,3.0,5.0,20.0
000807.SZ,云铝股份,SW1有色金属,2025-09-30,14.5054,8.06,15.3877,23.2082,15.831,0.8962962962962963,0.5658914728682171,0.5555555555555556,0.7925925925925926,0.8666666666666667,5.0,3.0,3.0,4.0,5.0,20.0
001203.SZ,大中矿业,SW1钢铁,2025-09-30,9.033,-34.17,46.86,61.0632,33.9763,0.9285714285714286,0.4186046511627907,0.9534883720930233,0.9534883720930233,0.2325581395348837,5.0,3.0,5.0,5.0,2.0,20.0
000968.SZ,蓝焰控股,SW1石油石化,2025-09-30,4.4232,-18.39,31.2428,44.4558,55.3603,0.6808510638297872,0.48936170212765956,0.9148936170212766,0.9787234042553191,0.5319148936170213,4.0,3.0,5.0,5.0,3.0,20.0
001286.SZ,陕西能源,SW1公用事业,2025-09-30,9.4961,14.87,37.8346,52.7855,40.8546,0.8222222222222222,0.7333333333333333,0.7794117647058824,0.7132352941176471,0.5661764705882353,5.0,4.0,4.0,4.0,3.0,20.0
688247.SH,宣泰医药,SW1医药生物,2025-09-30,4.9177,109.09,40.8135,10.186,23.3632,0.5805084745762712,0.9267241379310345,0.3953488372093023,0.8033826638477801,0.8731501057082452,3.0,5.0,2.0,5.0,5.0,20.0
001222.SZ,源飞宠物,SW1轻工制造,2025-09-30,9.4621,31.0,22.9854,12.3777,1.2913,0.8441558441558441,0.8013698630136986,0.512987012987013,0.3051948051948052,0.9285714285714286,5.0,5.0,3.0,2.0,5.0,20.0
001368.SZ,通达创智,SW1轻工制造,2025-09-30,5.754,1.89,24.3176,17.5384,14.172,0.6558441558441559,0.6164383561643836,0.5584415584415584,0.7532467532467533,0.8831168831168831,4.0,4.0,3.0,4.0,5.0,20.0
001328.SZ,登康口腔,SW1美容护理,2025-09-30,9.3206,14.07,50.4978,26.4072,14.3976,0.8518518518518519,0.6428571428571429,0.6071428571428571,0.75,0.5714285714285714,5.0,4.0,4.0,4.0,3.0,20.0
688209.SH,英集芯,SW1电子,2025-09-30,5.6197,317.47,33.6828,10.0288,2.3047,0.6505263157894737,0.9664429530201343,0.7368421052631579,0.33052631578947367,0.9178947368421053,4.0,5.0,4.0,2.0,5.0,20.0
688208.SH,XD道通科,SW1计算机,2025-09-30,20.5931,301.04,55.4099,50.2343,5.7805,0.996996996996997,0.950920245398773,0.7957957957957958,0.7237237237237237,0.20420420420420415,5.0,5.0,4.0,4.0,2.0,20.0
688190.SH,云路股份,SW1有色金属,2025-09-30,9.6348,8.73,28.5222,22.2592,2.1548,0.7037037037037037,0.5736434108527132,0.8296296296296296,0.45185185185185184,0.8888888888888888,4.0,3.0,5.0,3.0,5.0,20.0
300792.SZ,壹网壹创,SW1商贸零售,2025-09-30,3.4075,-29.94,29.9765,6.1331,29.3982,0.6262626262626263,0.43434343434343436,0.5454545454545454,0.898989898989899,0.9696969696969697,4.0,3.0,3.0,5.0,5.0,20.0
300767.SZ,震安科技,SW1基础化工,2025-09-30,-1.3707,241.72,33.0144,29.7156,34.7481,0.13216957605985039,0.9639175257731959,0.8684863523573201,0.9627791563275434,0.6377171215880894,1.0,5.0,5.0,5.0,4.0,20.0
300949.SZ,奥雅股份,SW1建筑装饰,2025-09-30,-4.2096,59.53,31.1088,42.5645,9.7617,0.18439716312056736,0.903448275862069,0.8551724137931035,0.8835616438356164,0.7876712328767124,1.0,5.0,5.0,5.0,4.0,20.0
688179.SH,阿拉丁,SW1基础化工,2025-09-30,5.417,34.82,63.0217,51.0591,35.8145,0.6458852867830424,0.788659793814433,1.0,0.967741935483871,0.2679900744416873,4.0,4.0,5.0,5.0,2.0,20.0
688161.SH,威高骨科,SW1医药生物,2025-09-30,5.1678,101.86,64.618,19.7603,22.6349,0.5995762711864406,0.9181034482758621,0.7167019027484144,0.7864693446088795,0.6363636363636364,3.0,5.0,4.0,4.0,4.0,20.0
688258.SH,卓易信息,SW1计算机,2025-09-30,5.1852,-33.29,56.023,44.3604,21.9573,0.8228228228228228,0.4938650306748466,0.8048048048048048,0.9069069069069069,0.3003003003003003,5.0,3.0,5.0,5.0,2.0,20.0
688067.SH,爱威科技,SW1医药生物,2025-09-30,5.7655,6.07,57.2649,15.2245,16.6673,0.6440677966101694,0.6314655172413793,0.6152219873150105,0.638477801268499,0.7547568710359408,4.0,4.0,4.0,4.0,4.0,20.0
688155.SH,先惠技术,SW1电力设备,2025-09-30,10.0769,148.26,28.0816,54.5515,3.0717,0.896457765667575,0.9259259259259259,0.7837837837837838,0.5297297297297298,0.4243243243243243,5.0,5.0,4.0,3.0,3.0,20.0
001319.SZ,铭科精技,SW1汽车,2025-09-30,7.5096,9.93,26.7813,23.6142,11.0857,0.65,0.5902255639097744,0.7978723404255319,0.624113475177305,0.8226950354609929,4.0,3.0,4.0,4.0,5.0,20.0
001318.SZ,阳光乳业,SW1食品饮料,2025-09-30,6.1388,0.16,39.9211,5.0991,27.2106,0.5245901639344263,0.5041322314049587,0.639344262295082,0.8852459016393442,0.9754098360655737,3.0,3.0,4.0,5.0,5.0,20.0
002028.SZ,思源电气,SW1电力设备,2025-09-30,16.3324,29.61,32.3204,45.9417,3.1211,0.9673024523160763,0.7777777777777778,0.8648648648648649,0.5324324324324324,0.5729729729729729,5.0,4.0,5.0,3.0,3.0,20.0
688082.SH,盛美上海,SW1电子,2025-12-31,13.2095,21.01,48.318,28.7064,3.5196,0.9410526315789474,0.668903803131991,0.9221052631578948,0.37684210526315787,0.6105263157894737,5.0,4.0,5.0,2.0,4.0,20.0
002096.SZ,易普力,SW1基础化工,2025-09-30,8.4248,12.91,24.1492,35.5457,12.0021,0.8403990024937655,0.6662371134020618,0.6625310173697271,0.6972704714640199,0.5508684863523573,5.0,4.0,4.0,4.0,3.0,20.0
002088.SZ,鲁阳节能,SW1建筑材料,2025-09-30,3.7673,-2.05,24.6152,19.5836,0.7349,0.704225352112676,0.8450704225352113,0.7183098591549296,0.3380281690140845,0.9295774647887324,4.0,5.0,4.0,2.0,5.0,20.0
688076.SH,ST诺泰,SW1医药生物,2025-09-30,15.4092,141.65,68.4634,53.151,25.1686,0.9639830508474576,0.9418103448275862,0.7716701902748414,0.8414376321353065,0.15433403805496826,5.0,5.0,4.0,5.0,1.0,20.0
688057.SH,金达莱,SW1环保,2025-09-30,2.3935,-24.31,61.1391,10.197,58.3125,0.4307692307692308,0.34108527131782945,1.0,0.9769230769230769,0.9769230769230769,3.0,2.0,5.0,5.0,5.0,20.0
688056.SH,莱伯泰科,SW1机械设备,2025-09-30,4.0138,42.03,45.8006,11.5525,0.9069,0.5303030303030303,0.8499025341130604,0.9377358490566038,0.3622641509433962,0.9490566037735849,3.0,5.0,5.0,2.0,5.0,20.0
002053.SZ,云南能投,SW1公用事业,2025-09-30,3.0608,44.55,32.3377,50.8519,63.866,0.26666666666666666,0.8814814814814815,0.7205882352941176,0.8602941176470589,0.6029411764705883,2.0,5.0,4.0,5.0,4.0,20.0
301011.SZ,华立科技,SW1轻工制造,2025-09-30,7.9324,62.93,30.4705,37.592,12.3275,0.7597402597402597,0.8904109589041096,0.7402597402597403,0.7012987012987013,0.5194805194805194,4.0,5.0,4.0,4.0,3.0,20.0
300710.SZ,万隆光电,SW1通信,2025-09-30,-2.2034,2439.65,31.8678,23.5395,16.1674,0.256198347107438,0.9916666666666667,0.6694214876033058,0.8181818181818182,0.743801652892562,2.0,5.0,4.0,5.0,4.0,20.0
300703.SZ,创源股份,SW1轻工制造,2025-09-30,8.7475,48.52,34.1296,50.6064,5.3043,0.8051948051948052,0.8561643835616438,0.8441558441558441,0.43506493506493504,0.27922077922077926,5.0,5.0,5.0,3.0,2.0,20.0
301006.SZ,迈拓股份,SW1机械设备,2025-09-30,4.2901,-29.46,47.6928,12.8918,28.2995,0.5568181818181818,0.35282651072124754,0.9452830188679245,0.9433962264150944,0.9339622641509434,3.0,2.0,5.0,5.0,5.0,20.0
300727.SZ,润禾材料,SW1基础化工,2025-09-30,8.3743,17.06,26.8015,25.9464,4.8018,0.8329177057356608,0.7036082474226805,0.7444168734491315,0.4094292803970223,0.7146401985111663,5.0,4.0,4.0,3.0,4.0,20.0
300724.SZ,捷佳伟创,SW1电力设备,2025-09-30,21.9901,68.75,29.0728,50.1021,-6.1507,0.9836512261580381,0.8603988603988604,0.8081081081081081,0.2702702702702703,0.5054054054054054,5.0,5.0,5.0,2.0,3.0,20.0
002177.SZ,御银股份,SW1商贸零售,2025-09-30,0.6866,-29.4,53.2551,1.4906,68.2822,0.32323232323232326,0.4444444444444444,0.8484848484848485,0.9696969696969697,0.98989898989899,2.0,3.0,5.0,5.0,5.0,20.0
002155.SZ,湖南黄金,SW1有色金属,2025-09-30,14.1547,73.52,5.2871,15.1591,1.8655,0.8888888888888888,0.8682170542635659,0.2,0.42962962962962964,0.9481481481481482,5.0,5.0,2.0,3.0,5.0,20.0
002138.SZ,顺络电子,SW1电子,2025-09-30,12.042,28.41,36.74,45.9217,26.4005,0.92,0.7114093959731543,0.7957894736842105,0.8989473684210526,0.32842105263157895,5.0,4.0,4.0,5.0,2.0,20.0
002125.SZ,湘潭电化,SW1电力设备,2025-09-30,5.1743,-10.35,23.5356,39.9351,15.0442,0.6239782016348774,0.5242165242165242,0.672972972972973,0.845945945945946,0.672972972972973,4.0,3.0,4.0,5.0,4.0,20.0
002249.SZ,大洋电机,SW1电力设备,2025-09-30,8.8469,35.2,22.6662,45.2112,9.9156,0.8337874659400545,0.7948717948717948,0.6432432432432432,0.7486486486486487,0.5864864864864865,5.0,4.0,4.0,4.0,3.0,20.0
002226.SZ,江南化工,SW1基础化工,2025-09-30,6.7385,13.29,30.2372,39.9283,13.3139,0.743142144638404,0.6726804123711341,0.8213399503722084,0.7270471464019851,0.43920595533498763,4.0,4.0,5.0,4.0,3.0,20.0
605376.SH,博迁新材,SW1有色金属,2025-09-30,9.5273,-370.73,31.6221,16.8186,21.3157,0.6888888888888889,0.015503875968992248,0.8444444444444444,0.8444444444444444,0.9407407407407408,4.0,1.0,5.0,5.0,5.0,20.0
605255.SH,天普股份,SW1汽车,2025-09-30,2.1982,8.03,34.5279,6.7612,26.4924,0.275,0.5714285714285714,0.9468085106382979,0.9680851063829787,0.9964539007092199,2.0,3.0,5.0,5.0,5.0,20.0
605178.SH,时空科技,SW1建筑装饰,2025-09-30,-9.0826,30.39,21.3224,25.134,37.6317,0.1347517730496454,0.8758620689655172,0.6689655172413793,0.958904109589041,0.904109589041096,1.0,5.0,4.0,5.0,5.0,20.0
605167.SH,利柏特,SW1建筑装饰,2025-09-30,9.296,26.45,20.4423,55.9073,-4.2141,0.9574468085106383,0.8551724137931035,0.6344827586206897,0.5547945205479452,0.5753424657534247,5.0,5.0,4.0,3.0,3.0,20.0
605162.SH,新中港,SW1公用事业,2025-09-30,6.9852,-1.11,33.6041,27.4657,49.9153,0.6592592592592592,0.5222222222222223,0.75,0.7720588235294118,0.8897058823529411,4.0,3.0,4.0,4.0,5.0,20.0
300679.SZ,电连技术,SW1电子,2025-09-30,7.4881,71.82,29.5803,34.5344,12.5919,0.783157894736842,0.8456375838926175,0.6421052631578947,0.6463157894736842,0.5115789473684211,4.0,5.0,4.0,4.0,3.0,20.0
300654.SZ,世纪天鸿,SW1传媒,2025-09-30,3.0339,2.58,35.8871,26.662,17.8058,0.6153846153846154,0.7751937984496124,0.6230769230769231,0.7538461538461538,0.6846153846153846,4.0,4.0,4.0,4.0,4.0,20.0
300760.SZ,迈瑞医疗,SW1医药生物,2025-09-30,20.1454,1.4,61.953,25.3443,28.1524,0.9830508474576272,0.5991379310344828,0.6765327695560254,0.8816067653276956,0.5264270613107822,5.0,3.0,4.0,5.0,3.0,20.0
300750.SZ,宁德时代,SW1电力设备,2025-09-30,17.4754,15.5,25.3098,61.2745,28.4947,0.9782016348773842,0.7094017094017094,0.7189189189189189,0.9648648648648649,0.3297297297297297,5.0,4.0,4.0,5.0,2.0,20.0
300743.SZ,天地数码,SW1计算机,2025-09-30,14.5648,66.0,32.6926,42.885,11.1893,0.9819819819819819,0.8680981595092024,0.4774774774774775,0.8108108108108109,0.3273273273273273,5.0,5.0,3.0,5.0,2.0,20.0
605128.SH,上海沿浦,SW1汽车,2025-09-30,6.7662,55.11,16.5096,32.0336,12.4993,0.6035714285714285,0.868421052631579,0.4078014184397163,0.6879432624113475,0.7092198581560284,4.0,5.0,3.0,4.0,4.0,20.0
688012.SH,中微公司,SW1电子,2025-09-30,5.8783,-9.51,39.1009,28.0196,16.1029,0.6652631578947369,0.49217002237136465,0.8357894736842105,0.751578947368421,0.6273684210526316,4.0,3.0,5.0,4.0,4.0,20.0
688006.SH,杭可科技,SW1电力设备,2025-09-30,7.2474,-59.67,28.8214,44.384,16.3233,0.7656675749318801,0.301994301994302,0.8,0.8675675675675676,0.6054054054054054,4.0,2.0,5.0,5.0,4.0,20.0
688002.SH,睿创微纳,SW1电子,2025-09-30,12.1598,4.74,51.9746,36.8954,18.7772,0.9242105263157895,0.5749440715883669,0.9536842105263158,0.7978947368421052,0.4736842105263158,5.0,3.0,5.0,4.0,3.0,20.0
605598.SH,上海港湾,SW1建筑装饰,2025-09-30,4.3653,-47.81,26.5312,21.2475,5.7349,0.7092198581560284,0.33793103448275863,0.8068965517241379,0.773972602739726,0.9383561643835616,4.0,2.0,5.0,4.0,5.0,20.0
605060.SH,联德股份,SW1机械设备,2025-09-30,7.494,-24.8,37.1824,20.4004,23.6012,0.7803030303030303,0.3898635477582846,0.7867924528301887,0.9075471698113208,0.8207547169811321,4.0,2.0,4.0,5.0,5.0,20.0
002286.SZ,保龄宝,SW1农林牧渔,2025-09-30,6.3153,105.97,13.2978,19.4697,7.4327,0.7474747474747475,0.9611650485436893,0.5392156862745098,0.47058823529411764,0.854368932038835,4.0,5.0,3.0,3.0,5.0,20.0
603948.SH,建业股份,SW1基础化工,2025-09-30,8.3974,-34.19,17.3711,18.1708,18.7294,0.8354114713216958,0.38402061855670105,0.46898263027295284,0.858560794044665,0.8213399503722084,5.0,2.0,3.0,5.0,5.0,20.0
002409.SZ,雅克科技,SW1电子,2025-09-30,10.6062,40.25,32.1443,40.4192,13.7766,0.8947368421052632,0.7762863534675615,0.6989473684210527,0.6821052631578948,0.4189473684210526,5.0,4.0,4.0,4.0,3.0,20.0
301130.SZ,西点药业,SW1医药生物,2025-09-30,3.6375,-20.26,78.0295,10.0399,20.3816,0.4851694915254237,0.44396551724137934,0.8858350951374208,0.7357293868921776,0.8752642706131079,3.0,3.0,5.0,4.0,5.0,20.0
301192.SZ,泰祥股份,SW1汽车,2025-09-30,6.9643,28.62,29.6588,26.77,9.2093,0.6107142857142858,0.7518796992481203,0.875886524822695,0.5673758865248227,0.7836879432624113,4.0,4.0,5.0,3.0,4.0,20.0
301056.SZ,森赫股份,SW1机械设备,2025-09-30,6.563,7.05,32.9553,37.3521,16.2589,0.7234848484848485,0.6627680311890838,0.6830188679245283,0.809433962264151,0.5358490566037736,4.0,4.0,4.0,5.0,3.0,20.0
301055.SZ,张小泉,SW1轻工制造,2025-09-30,5.8921,11.85,38.2024,30.6123,5.6634,0.6818181818181818,0.684931506849315,0.922077922077922,0.44805194805194803,0.6363636363636364,4.0,4.0,5.0,3.0,4.0,20.0
002394.SZ,联发股份,SW1纺织服饰,2025-09-30,6.2533,39.11,18.6268,28.092,18.9466,0.7019230769230769,0.8653846153846154,0.29523809523809524,0.8952380952380953,0.6190476190476191,4.0,5.0,2.0,5.0,4.0,20.0
603920.SH,世运电路,SW1电子,2025-09-30,9.5104,36.63,22.7923,30.4826,19.3079,0.8610526315789474,0.7606263982102909,0.4589473684210526,0.8105263157894737,0.5873684210526315,5.0,4.0,3.0,5.0,3.0,20.0
603900.SH,莱绅通灵,SW1纺织服饰,2025-09-30,3.5522,140.96,36.39,12.6308,7.6213,0.47115384615384615,0.9615384615384616,0.6571428571428571,0.5428571428571428,0.9333333333333333,3.0,5.0,4.0,3.0,5.0,20.0
605116.SH,奥锐特,SW1医药生物,2025-09-30,14.5111,22.74,60.9228,37.5296,28.4117,0.951271186440678,0.7564655172413793,0.6617336152219874,0.8879492600422833,0.31712473572938693,5.0,4.0,4.0,5.0,2.0,20.0
603871.SH,嘉友国际,SW1交通运输,2025-09-30,15.3811,23.04,17.5872,25.9113,20.8867,0.976,0.8306451612903226,0.464,0.48,0.728,5.0,5.0,3.0,3.0,4.0,20.0
603833.SH,欧派家居,SW1轻工制造,2025-09-30,9.5391,-13.95,37.1934,45.209,20.766,0.8506493506493507,0.5,0.9090909090909091,0.8766233766233766,0.36363636363636365,5.0,3.0,5.0,5.0,2.0,20.0
603817.SH,海峡环保,SW1环保,2025-09-30,6.4135,12.62,43.611,53.2448,25.0272,0.7307692307692307,0.6589147286821705,0.8923076923076924,0.7692307692307693,0.4538461538461539,4.0,4.0,5.0,4.0,3.0,20.0
603809.SH,豪能股份,SW1汽车,2025-09-30,7.9537,77.08,31.6251,46.5095,9.2783,0.6821428571428572,0.8947368421052632,0.9184397163120568,0.574468085106383,0.44680851063829785,4.0,5.0,5.0,3.0,3.0,20.0
603992.SH,松霖科技,SW1轻工制造,2025-09-30,4.933,14.15,33.1152,25.5711,10.3703,0.6168831168831169,0.726027397260274,0.7987012987012987,0.6103896103896104,0.7662337662337663,4.0,4.0,4.0,4.0,4.0,20.0
603990.SH,麦迪科技,SW1计算机,2025-09-30,4.196,4.66,61.4779,32.4079,5.7476,0.7807807807807807,0.7116564417177914,0.8618618618618619,0.7207207207207207,0.48348348348348347,4.0,4.0,5.0,4.0,3.0,20.0
603737.SH,三棵树,SW1建筑材料,2025-09-30,25.0629,76.64,32.8144,75.7869,11.5824,1.0,0.9295774647887324,0.9859154929577465,0.704225352112676,0.11267605633802813,5.0,5.0,5.0,4.0,1.0,20.0
002327.SZ,富安娜,SW1纺织服饰,2025-09-30,4.3371,-5.22,53.5268,23.8877,24.6629,0.5576923076923077,0.5865384615384616,0.8380952380952381,0.9904761904761905,0.6857142857142857,3.0,3.0,5.0,5.0,4.0,20.0
002478.SZ,常宝股份,SW1钢铁,2025-09-30,6.7985,-17.32,16.3019,33.9553,5.8185,0.7380952380952381,0.5581395348837209,0.813953488372093,0.5116279069767442,0.8372093023255813,4.0,3.0,5.0,3.0,5.0,20.0
300617.SZ,安靠智电,SW1电力设备,2025-09-30,2.5351,-8.41,37.5082,22.5549,6.0426,0.4305177111716621,0.5470085470085471,0.9297297297297298,0.6270270270270271,0.8810810810810811,3.0,3.0,5.0,4.0,5.0,20.0
300651.SZ,金陵体育,SW1轻工制造,2025-09-30,3.7065,-63.44,33.56,18.7055,15.7938,0.512987012987013,0.2328767123287671,0.8116883116883117,0.8116883116883117,0.8506493506493507,3.0,2.0,5.0,5.0,5.0,20.0
301045.SZ,天禄科技,SW1电子,2025-09-30,2.5023,171.53,22.2877,20.6478,20.2741,0.40842105263157896,0.9217002237136466,0.44,0.8231578947368421,0.7410526315789474,3.0,5.0,3.0,5.0,4.0,20.0
301157.SZ,华塑科技,SW1电力设备,2025-09-30,1.7458,-0.59,33.1231,12.1796,27.9638,0.36239782016348776,0.584045584045584,0.8864864864864865,0.9621621621621622,0.9594594594594594,2.0,3.0,5.0,5.0,5.0,20.0
002476.SZ,新叶股份,SW1石油石化,2025-09-30,4.0134,977.59,17.8895,15.2406,-2.2016,0.6170212765957447,1.0,0.7021276595744681,0.2978723404255319,0.9361702127659575,4.0,5.0,4.0,2.0,5.0,20.0
002469.SZ,三维化学,SW1建筑装饰,2025-09-30,5.7396,-8.9,17.7694,21.0523,6.1097,0.8368794326241135,0.5448275862068965,0.5724137931034483,0.7876712328767124,0.9452054794520548,5.0,3.0,3.0,4.0,5.0,20.0
002440.SZ,闰土股份,SW1基础化工,2025-09-30,2.3862,243.05,18.9844,15.3238,17.415,0.3940149625935162,0.9664948453608248,0.5235732009925558,0.8238213399503722,0.8535980148883375,2.0,5.0,3.0,5.0,5.0,20.0
603699.SH,纽威股份,SW1机械设备,2025-09-30,26.2089,58.77,36.9286,58.0507,29.8617,0.990530303030303,0.8869395711500975,0.7830188679245284,0.9566037735849057,0.1754716981132075,5.0,5.0,4.0,5.0,1.0,20.0
603687.SH,大胜达,SW1轻工制造,2025-09-30,2.79,2.14,19.1674,19.9591,16.1733,0.44805194805194803,0.6232876712328768,0.4090909090909091,0.8246753246753247,0.8376623376623377,3.0,4.0,3.0,5.0,5.0,20.0
603680.SH,今创集团,SW1机械设备,2025-09-30,9.0329,62.24,30.753,38.3682,5.2739,0.8257575757575758,0.8927875243664717,0.6188679245283019,0.4830188679245283,0.5094339622641509,5.0,5.0,4.0,3.0,3.0,20.0
603515.SH,XD欧普照,SW1家用电器,2025-09-30,8.6196,-2.74,38.2288,28.1565,3.7123,0.6989247311827957,0.45652173913043476,0.8602150537634409,0.40860215053763443,0.8064516129032258,4.0,3.0,5.0,3.0,5.0,20.0
603511.SH,爱慕股份,SW1纺织服饰,2025-09-30,2.3137,-45.97,66.5613,14.3344,18.7265,0.41346153846153844,0.2980769230769231,0.9523809523809523,0.8857142857142857,0.8952380952380953,3.0,2.0,5.0,5.0,5.0,20.0
603676.SH,卫信康,SW1医药生物,2025-09-30,15.0539,15.02,61.8552,20.0559,13.1497,0.9597457627118644,0.7004310344827587,0.6723044397463002,0.5306553911205074,0.6342494714587739,5.0,4.0,4.0,3.0,4.0,20.0
603658.SH,安图生物,SW1医药生物,2025-09-30,9.9005,-2.03,64.8321,24.5708,27.0348,0.847457627118644,0.5581896551724138,0.7230443974630021,0.864693446088795,0.5412262156448203,5.0,3.0,4.0,5.0,3.0,20.0
603656.SH,泰禾智能,SW1机械设备,2025-09-30,2.2067,141.14,42.8345,37.4717,21.1398,0.3522727272727273,0.9473684210526315,0.8924528301886793,0.8773584905660378,0.5320754716981132,2.0,5.0,5.0,5.0,3.0,20.0
300558.SZ,贝达药业,SW1医药生物,2025-09-30,5.5518,16.0,80.3369,38.9702,24.5987,0.6377118644067796,0.7112068965517241,0.9090909090909091,0.8224101479915433,0.2938689217758985,4.0,4.0,5.0,5.0,2.0,20.0
300547.SZ,川环科技,SW1汽车,2025-09-30,11.0538,25.15,23.0912,19.8317,3.0741,0.8785714285714286,0.7105263157894737,0.7056737588652482,0.2695035460992908,0.8829787234042553,5.0,4.0,4.0,2.0,5.0,20.0
300545.SZ,联得装备,SW1电子,2025-09-30,4.7425,37.52,31.1552,27.4095,22.4993,0.5831578947368421,0.767337807606264,0.68,0.8589473684210527,0.64,3.0,4.0,4.0,5.0,4.0,20.0
301209.SZ,联合化学,SW1基础化工,2025-09-30,6.3553,66.81,20.4843,21.1802,13.0063,0.7182044887780549,0.865979381443299,0.56575682382134,0.7146401985111662,0.7890818858560794,4.0,5.0,3.0,4.0,4.0,20.0
301186.SZ,超达装备,SW1汽车,2025-09-30,7.2348,1.63,36.5205,29.9069,14.467,0.6214285714285714,0.5075187969924813,0.9645390070921985,0.7588652482269503,0.7411347517730497,4.0,3.0,5.0,4.0,4.0,20.0
603619.SH,中曼石油,SW1石油石化,2025-09-30,10.8621,-10.01,44.6029,63.5121,33.9761,0.9787234042553191,0.574468085106383,0.9574468085106383,0.9148936170212766,0.2978723404255319,5.0,3.0,5.0,5.0,2.0,20.0
603610.SH,麒盛科技,SW1轻工制造,2025-09-30,4.7231,-24.13,33.266,31.4834,11.7503,0.6038961038961039,0.410958904109589,0.8051948051948052,0.6688311688311688,0.6103896103896104,4.0,3.0,5.0,4.0,4.0,20.0
603608.SH,天创时尚,SW1纺织服饰,2025-09-30,-0.4949,222.71,66.4772,28.6034,13.9134,0.21153846153846154,0.9807692307692307,0.9428571428571428,0.7523809523809524,0.6,2.0,5.0,5.0,4.0,4.0,20.0
603788.SH,宁波高发,SW1汽车,2025-09-30,7.536,16.74,22.9732,21.5456,8.8593,0.6535714285714286,0.6616541353383458,0.7021276595744681,0.5531914893617021,0.8581560283687943,4.0,4.0,4.0,3.0,5.0,20.0
603383.SH,顶点软件,SW1计算机,2025-09-30,7.0354,-17.95,71.0968,13.8036,-28.5322,0.8768768768768769,0.5766871165644172,0.9159159159159159,0.23123123123123124,0.8168168168168168,5.0,3.0,5.0,2.0,5.0,20.0
002437.SZ,誉衡药业,SW1医药生物,2025-09-30,11.8682,88.45,46.4193,28.1251,18.5144,0.8940677966101694,0.9073275862068966,0.45454545454545453,0.6828752642706131,0.4693446088794926,5.0,5.0,3.0,4.0,3.0,20.0
002415.SZ,海康威视,SW1计算机,2025-09-30,11.7175,-13.29,45.3662,33.7985,20.8295,0.963963963963964,0.598159509202454,0.6726726726726727,0.9009009009009009,0.45345345345345345,5.0,3.0,4.0,5.0,3.0,20.0
002518.SZ,科士达,SW1电力设备,2025-09-30,9.9046,-54.68,28.565,35.0462,13.6755,0.885558583106267,0.32193732193732194,0.7918918918918919,0.8243243243243243,0.7594594594594595,5.0,2.0,4.0,5.0,4.0,20.0
002611.SZ,东方精工,SW1机械设备,2025-09-30,9.7837,14.84,27.928,33.6376,14.9371,0.8598484848484849,0.7348927875243665,0.5358490566037736,0.7735849056603774,0.6056603773584905,5.0,4.0,3.0,4.0,4.0,20.0
603357.SH,设计总院,SW1建筑装饰,2025-09-30,6.3489,5.66,33.3166,42.7829,-10.9591,0.8652482269503546,0.7655172413793103,0.8758620689655172,0.3493150684931507,0.7808219178082192,5.0,4.0,5.0,2.0,4.0,20.0
603328.SH,依顿电子,SW1电子,2025-09-30,8.8939,23.2,22.9394,35.6325,22.2653,0.8294736842105264,0.6868008948545862,0.4673684210526316,0.8505263157894737,0.4926315789473684,5.0,4.0,3.0,5.0,3.0,20.0
002568.SZ,百润股份,SW1食品饮料,2025-09-30,11.4782,-11.2,70.2839,41.6483,33.2839,0.8278688524590164,0.4049586776859504,0.9180327868852459,0.9672131147540983,0.34426229508196726,5.0,3.0,5.0,5.0,2.0,20.0
002688.SZ,金河生物,SW1农林牧渔,2025-09-30,6.0516,-10.71,33.8281,53.4511,17.8886,0.7272727272727273,0.6893203883495146,0.8921568627450981,0.7745098039215687,0.4077669902912622,4.0,4.0,5.0,4.0,3.0,20.0
300488.SZ,恒锋工具,SW1机械设备,2025-09-30,7.1935,-4.39,44.1092,26.3861,13.7829,0.759469696969697,0.5399610136452242,0.9188679245283019,0.7490566037735849,0.7207547169811321,4.0,3.0,5.0,4.0,4.0,20.0
300476.SZ,胜宏科技,SW1电子,2025-09-30,26.9289,71.96,35.8519,50.4409,16.8828,1.0,0.8478747203579419,0.7873684210526316,0.7684210526315789,0.2610526315789473,5.0,5.0,4.0,4.0,2.0,20.0
301270.SZ,汉仪股份,SW1计算机,2025-09-30,0.9102,-88.7,79.1151,6.5766,14.2218,0.5645645645645646,0.2668711656441718,0.9459459459459459,0.8498498498498499,0.9519519519519519,3.0,2.0,5.0,5.0,5.0,20.0
301226.SZ,祥明智能,SW1电力设备,2025-09-30,2.1601,-28.94,21.4891,13.2223,16.6504,0.40599455040871935,0.4301994301994302,0.6081081081081081,0.8729729729729729,0.9567567567567568,3.0,3.0,4.0,5.0,5.0,20.0
301225.SZ,恒勃股份,SW1汽车,2025-09-30,6.2776,14.23,30.0769,22.923,7.0752,0.5714285714285714,0.631578947368421,0.8865248226950354,0.4645390070921986,0.8333333333333334,3.0,4.0,5.0,3.0,5.0,20.0
301222.SZ,浙江恒威,SW1电力设备,2025-09-30,4.295,6.59,19.96,10.9018,17.5828,0.5722070844686649,0.6239316239316239,0.5702702702702702,0.8864864864864865,0.9648648648648649,3.0,4.0,3.0,5.0,5.0,20.0
002662.SZ,峰璟股份,SW1汽车,2025-09-30,4.677,-29.7,30.63,23.5788,15.9071,0.4357142857142857,0.2669172932330827,0.9078014184397163,0.8156028368794326,0.8297872340425532,3.0,2.0,5.0,5.0,5.0,20.0
002658.SZ,雪迪龙,SW1环保,2025-09-30,4.4547,-16.32,43.1058,15.426,17.4974,0.6076923076923076,0.3875968992248062,0.8846153846153846,0.676923076923077,0.9461538461538461,4.0,2.0,5.0,4.0,5.0,20.0
603306.SH,华懋科技,SW1汽车,2025-09-30,4.8251,17.89,30.339,39.7164,10.9072,0.45,0.6766917293233082,0.8971631205673759,0.6170212765957447,0.6028368794326241,3.0,4.0,5.0,4.0,4.0,20.0
002772.SZ,众兴菌业,SW1农林牧渔,2025-09-30,6.0921,-20.66,25.2357,48.1336,19.8932,0.7373737373737373,0.6407766990291263,0.7941176470588235,0.8137254901960784,0.5145631067961165,4.0,4.0,4.0,5.0,3.0,20.0
603267.SH,鸿远电子,SW1国防军工,2025-09-30,5.1544,-43.12,45.489,18.8753,-0.803,0.7761194029850746,0.47692307692307695,0.8059701492537313,0.6716417910447762,0.7686567164179104,4.0,3.0,5.0,4.0,4.0,20.0
603223.SH,XD恒通股,SW1石油石化,2025-09-30,4.5533,30.86,25.7665,25.9505,-32.2847,0.7021276595744681,0.8297872340425532,0.851063829787234,0.0425531914893617,0.851063829787234,4.0,5.0,5.0,1.0,5.0,20.0
301458.SZ,钧崴电子,SW1电子,2025-09-30,8.7264,,50.6948,13.9842,20.4327,0.8231578947368421,,0.9326315789473684,0.8273684210526315,0.8505263157894737,5.0,,5.0,5.0,5.0,20.0
301312.SZ,智立方,SW1机械设备,2025-09-30,5.7728,-18.4,31.0878,19.0836,9.0577,0.6818181818181818,0.42884990253411304,0.6358490566037736,0.630188679245283,0.8471698113207548,4.0,3.0,4.0,4.0,5.0,20.0
301305.SZ,朗坤科技,SW1环保,2025-09-30,6.79,20.0,34.2533,36.7595,26.4574,0.7538461538461538,0.7596899224806202,0.7076923076923077,0.7846153846153846,0.7615384615384615,4.0,4.0,4.0,4.0,4.0,20.0
301303.SZ,真兰仪表,SW1机械设备,2025-09-30,7.5471,1.51,41.3845,25.0503,8.9543,0.7821969696969697,0.5984405458089669,0.8622641509433963,0.6264150943396226,0.739622641509434,4.0,3.0,5.0,4.0,4.0,20.0
002778.SZ,中晟高科,SW1环保,2025-09-30,22.1615,12.98,29.4864,54.9789,93.4601,1.0,0.6744186046511628,0.5692307692307692,1.0,0.41538461538461535,5.0,4.0,3.0,5.0,3.0,20.0
002697.SZ,红旗连锁,SW1商贸零售,2025-09-30,8.3618,-7.12,29.3607,44.3978,12.348,0.8585858585858586,0.6060606060606061,0.5353535353535354,0.6666666666666666,0.6060606060606061,5.0,4.0,3.0,4.0,4.0,20.0
002836.SZ,新宏泽,SW1轻工制造,2025-09-30,10.7419,220.99,26.7212,28.4754,1.6927,0.9025974025974026,0.9726027397260274,0.6688311688311688,0.3116883116883117,0.6818181818181819,5.0,5.0,4.0,2.0,4.0,20.0
002827.SZ,高争民爆,SW1基础化工,2025-09-30,12.9923,42.18,29.3245,57.2292,15.9415,0.9501246882793017,0.8170103092783505,0.8138957816377171,0.7816377171215881,0.18610421836228286,5.0,5.0,5.0,4.0,1.0,20.0
603136.SH,天目湖,SW1社会服务,2025-09-30,6.1715,-28.17,53.7162,11.6562,30.2898,0.6410256410256411,0.3974358974358974,0.8125,0.7,0.9375,4.0,2.0,5.0,4.0,5.0,20.0
603132.SH,金徽股份,SW1有色金属,2025-09-30,10.4178,39.1,62.9296,59.4096,35.8298,0.7555555555555555,0.7829457364341085,0.9851851851851852,0.9481481481481482,0.2148148148148148,4.0,4.0,5.0,5.0,2.0,20.0
603061.SH,金海通,SW1电子,2025-09-30,8.7539,-7.44,51.9506,21.3223,10.372,0.8252631578947368,0.5033557046979866,0.9494736842105264,0.5789473684210527,0.7347368421052631,5.0,3.0,5.0,3.0,4.0,20.0
002811.SZ,郑中设计,SW1建筑装饰,2025-09-30,10.743,-296.9,37.3769,45.541,18.3711,0.9787234042553191,0.1103448275862069,0.9448275862068966,0.9178082191780822,0.7397260273972603,5.0,1.0,5.0,5.0,4.0,20.0
002912.SZ,中新赛克,SW1计算机,2025-09-30,-0.6408,-47.55,74.9799,17.0843,12.4008,0.44744744744744747,0.4049079754601227,0.9309309309309309,0.8258258258258259,0.7567567567567568,3.0,3.0,5.0,5.0,4.0,20.0
603016.SH,新宏泰,SW1电力设备,2025-09-30,5.7204,-1.19,28.1459,18.7201,10.4909,0.659400544959128,0.5811965811965812,0.7864864864864864,0.7594594594594595,0.9135135135135135,4.0,3.0,4.0,4.0,5.0,20.0
603062.SH,麦加芯彩,SW1基础化工,2025-09-30,8.0643,26.3,23.8224,31.0802,8.7146,0.8179551122194514,0.7396907216494846,0.6550868486352357,0.5880893300248139,0.6178660049627791,5.0,4.0,4.0,3.0,4.0,20.0
601890.SH,亚星锚链,SW1国防军工,2025-09-30,5.7661,23.13,29.4097,29.1837,1.6452,0.8134328358208955,0.8076923076923077,0.4626865671641791,0.7164179104477612,0.5895522388059702,5.0,5.0,3.0,4.0,3.0,20.0
300427.SZ,红相股份,SW1电力设备,2025-09-30,4.996,-25.64,34.9625,26.6106,0.0269,0.6158038147138964,0.43874643874643876,0.9081081081081082,0.40540540540540543,0.8378378378378378,4.0,3.0,5.0,3.0,5.0,20.0
301362.SZ,民爆光电,SW1家用电器,2025-09-30,5.9578,-0.36,28.4199,15.8626,13.1928,0.5376344086021505,0.5108695652173914,0.6666666666666666,0.8279569892473119,0.9247311827956989,3.0,3.0,4.0,5.0,5.0,20.0
301359.SZ,东南电子,SW1电子,2025-09-30,3.4844,17.38,28.658,7.3529,15.5988,0.4905263157894737,0.6487695749440716,0.6336842105263157,0.7368421052631579,0.9578947368421052,3.0,4.0,4.0,4.0,5.0,20.0
002984.SZ,森麒麟,SW1汽车,2025-09-30,7.4272,59.74,24.0333,24.921,3.0719,0.6321428571428571,0.8721804511278195,0.7375886524822695,0.26595744680851063,0.8085106382978724,4.0,5.0,4.0,2.0,5.0,20.0
601877.SH,XD正泰电,SW1电力设备,2025-09-30,9.7399,5.26,27.5099,66.0924,32.874,0.8746594005449592,0.6096866096866097,0.7702702702702703,0.9837837837837838,0.22702702702702704,5.0,4.0,4.0,5.0,2.0,20.0
601126.SH,四方股份,SW1电力设备,2025-09-30,15.1318,14.0,30.765,60.096,6.977,0.9564032697547684,0.6923076923076923,0.8351351351351352,0.654054054054054,0.3567567567567568,5.0,4.0,5.0,4.0,2.0,20.0
601699.SH,潞安环能,SW1煤炭,2025-09-30,3.3442,-69.09,34.1018,40.4516,12.6931,0.6666666666666666,0.24242424242424243,0.8484848484848485,0.6060606060606061,0.8181818181818181,4.0,2.0,5.0,4.0,5.0,20.0
601698.SH,中国卫通,SW1国防军工,2025-09-30,1.8087,11.55,28.3443,12.5644,34.9064,0.5074626865671642,0.7230769230769231,0.43283582089552236,0.9552238805970149,0.8955223880597015,3.0,4.0,3.0,5.0,5.0,20.0
601595.SH,上海电影,SW1传媒,2025-09-30,8.2741,-16.46,36.6686,31.4371,11.602,0.8153846153846154,0.6124031007751938,0.6384615384615384,0.6846153846153846,0.5307692307692308,5.0,4.0,4.0,4.0,3.0,20.0
002942.SZ,新农股份,SW1基础化工,2025-09-30,8.6284,-327.5,32.973,27.4302,16.7226,0.8453865336658354,0.05412371134020619,0.8660049627791563,0.8089330024813896,0.6799007444168734,5.0,1.0,5.0,5.0,4.0,20.0
003013.SZ,地铁设计,SW1建筑装饰,2025-09-30,12.2362,14.02,38.9668,51.0514,-21.6573,0.9929078014184397,0.8068965517241379,0.9655172413793104,0.1095890410958904,0.6712328767123288,5.0,5.0,5.0,1.0,4.0,20.0
003003.SZ,天元股份,SW1轻工制造,2025-09-30,3.8636,36.9,20.2458,28.0943,20.4892,0.5194805194805194,0.815068493150685,0.43506493506493504,0.8636363636363636,0.7012987012987013,3.0,5.0,3.0,5.0,4.0,20.0
601168.SH,西部矿业,SW1有色金属,2025-09-30,16.9407,25.05,19.6528,57.9183,18.1865,0.9333333333333333,0.7286821705426356,0.6888888888888889,0.8074074074074075,0.2592592592592593,5.0,4.0,4.0,5.0,2.0,20.0
600886.SH,国投电力,SW1公用事业,2025-09-30,9.7301,-1.11,43.5066,61.1598,59.3322,0.8444444444444444,0.5222222222222223,0.8308823529411765,0.8308823529411765,0.36764705882352944,5.0,3.0,5.0,5.0,2.0,20.0
601107.SH,四川成渝,SW1交通运输,2025-09-30,6.768,22.58,39.3386,66.3757,42.0256,0.688,0.8225806451612904,0.848,0.824,0.17600000000000005,4.0,5.0,5.0,5.0,1.0,20.0
601096.SH,宏盛华源,SW1建筑装饰,2025-09-30,6.3032,85.52,12.1253,53.8331,5.6983,0.8581560283687943,0.9310344827586207,0.38620689655172413,0.7602739726027398,0.6301369863013699,5.0,5.0,2.0,4.0,4.0,20.0
601065.SH,江盐集团,SW1基础化工,2025-09-30,4.4492,-6.81,30.9768,20.9715,22.7742,0.5660847880299252,0.538659793814433,0.8387096774193549,0.9007444168734491,0.7940446650124069,3.0,3.0,5.0,5.0,4.0,20.0
301507.SZ,民生健康,SW1医药生物,2025-09-30,7.2631,7.24,52.0872,14.9232,25.399,0.7584745762711864,0.6336206896551724,0.5369978858350951,0.8435517970401691,0.7610993657505285,4.0,4.0,3.0,5.0,4.0,20.0
301446.SZ,福事特,SW1机械设备,2025-09-30,5.7511,-6.75,38.0676,15.7587,3.9183,0.6799242424242424,0.5224171539961013,0.8132075471698114,0.44716981132075473,0.8943396226415095,4.0,3.0,5.0,3.0,5.0,20.0
301398.SZ,星源卓镁,SW1汽车,2025-09-30,4.0455,0.31,30.6254,13.659,18.744,0.375,0.4924812030075188,0.9042553191489362,0.8865248226950354,0.9574468085106383,2.0,3.0,5.0,5.0,5.0,20.0
601360.SH,三六零,SW1计算机,2025-09-30,-0.4105,121.91,67.3174,22.6388,-5.5647,0.4594594594594595,0.901840490797546,0.8918918918918919,0.5135135135135135,0.6576576576576576,3.0,5.0,5.0,3.0,4.0,20.0
601330.SH,绿色动力,SW1环保,2025-09-30,7.6089,-9.45,48.6303,59.8271,51.2513,0.8461538461538461,0.4186046511627907,0.9461538461538461,0.9615384615384616,0.32307692307692304,5.0,3.0,5.0,5.0,2.0,20.0
601326.SH,秦港股份,SW1交通运输,2025-09-30,7.0214,0.65,42.8549,24.2669,35.2671,0.704,0.49193548387096775,0.88,0.744,0.784,4.0,3.0,5.0,4.0,4.0,20.0
600968.SH,海油发展,SW1石油石化,2025-09-30,10.2284,18.54,16.1563,39.2962,0.9752,0.9148936170212766,0.7659574468085106,0.6170212765957447,0.40425531914893614,0.6382978723404256,5.0,4.0,4.0,3.0,4.0,20.0
003000.SZ,劲仔食品,SW1食品饮料,2025-09-30,12.554,38.38,29.2502,39.1378,15.5642,0.8524590163934426,0.8264462809917356,0.4016393442622951,0.639344262295082,0.4180327868852459,5.0,5.0,3.0,4.0,3.0,20.0
002997.SZ,瑞鹄模具,SW1汽车,2025-09-30,15.3416,84.18,25.831,59.2795,11.7599,0.9464285714285714,0.9172932330827067,0.7836879432624113,0.6524822695035462,0.2092198581560284,5.0,5.0,4.0,4.0,2.0,20.0
300012.SZ,华测检测,SW1社会服务,2025-09-30,11.2254,0.61,49.8276,21.0795,12.6794,0.8717948717948718,0.6025641025641025,0.75,0.5,0.7375,5.0,4.0,4.0,3.0,4.0,20.0
600867.SH,通化东宝,SW1医药生物,2025-09-30,17.7951,-103.78,71.8865,12.4613,17.4458,0.972457627118644,0.14439655172413793,0.8097251585623678,0.6575052854122622,0.8181818181818181,5.0,1.0,5.0,4.0,5.0,20.0
600993.SH,马应龙,SW1医药生物,2025-09-30,11.9782,21.35,49.0852,17.0336,15.8533,0.8961864406779662,0.7435344827586207,0.5010570824524313,0.6194503171247357,0.7188160676532769,5.0,4.0,3.0,4.0,4.0,20.0
300049.SZ,福瑞医科,SW1医药生物,2025-09-30,6.1255,10.59,75.2607,26.942,19.3214,0.673728813559322,0.6605603448275862,0.8562367864693446,0.7145877378435518,0.4989429175475687,4.0,4.0,5.0,4.0,3.0,20.0
300037.SZ,新宙邦,SW1电力设备,2025-09-30,7.4624,-5.8,24.5084,41.8098,13.9426,0.782016348773842,0.5669515669515669,0.6945945945945946,0.8297297297297297,0.6378378378378378,4.0,3.0,4.0,5.0,4.0,20.0
300031.SZ,宝通科技,SW1传媒,2025-09-30,5.2951,128.75,38.5077,31.2729,8.7422,0.6923076923076923,0.937984496124031,0.6692307692307692,0.6230769230769231,0.5384615384615384,4.0,5.0,4.0,4.0,3.0,20.0
300192.SZ,科德教育,SW1社会服务,2025-09-30,9.6444,7.63,35.9875,25.1892,28.8526,0.8076923076923077,0.7307692307692307,0.5125,0.675,0.675,5.0,4.0,3.0,4.0,4.0,20.0
300181.SZ,佐力药业,SW1医药生物,2025-09-30,17.3284,32.04,62.0288,31.4562,11.6682,0.9703389830508474,0.8038793103448276,0.678646934460888,0.4904862579281184,0.41226215644820297,5.0,5.0,4.0,3.0,3.0,20.0
300378.SZ,鼎捷数智,SW1计算机,2025-09-30,2.2855,2.12,57.2844,31.9865,2.2008,0.6816816816816816,0.696319018404908,0.8168168168168168,0.6756756756756757,0.48948948948948945,4.0,4.0,5.0,4.0,3.0,20.0
301602.SZ,超研股份,SW1医药生物,2025-09-30,8.1892,,73.2013,7.8478,24.8733,0.8050847457627118,,0.8245243128964059,0.8350951374207188,0.9323467230443975,5.0,,5.0,5.0,5.0,20.0
301386.SZ,未来电器,SW1电力设备,2025-09-30,4.812,-10.6,27.9499,11.9457,24.8048,0.5994550408719346,0.5213675213675214,0.7810810810810811,0.9540540540540541,0.9621621621621621,3.0,3.0,4.0,5.0,5.0,20.0
301552.SZ,科力装备,SW1汽车,2025-09-30,10.6754,,37.0719,17.5268,20.3594,0.85,,0.9716312056737588,0.9042553191489362,0.9078014184397163,5.0,,5.0,5.0,5.0,20.0
301551.SZ,无线传媒,SW1传媒,2025-09-30,8.6499,,56.2854,6.207,80.7458,0.8384615384615385,,0.8384615384615385,0.9846153846153847,0.9846153846153847,5.0,,5.0,5.0,5.0,20.0
300172.SZ,中电环保,SW1环保,2025-09-30,4.6512,-4.76,28.9272,29.6309,43.7168,0.6538461538461539,0.4728682170542636,0.5615384615384615,0.9153846153846154,0.8461538461538461,4.0,3.0,3.0,5.0,5.0,20.0
300154.SZ,瑞凌股份,SW1机械设备,2025-09-30,5.4463,63.34,23.497,33.5422,18.6607,0.6704545454545454,0.8966861598440545,0.37358490566037733,0.8490566037735849,0.6094339622641509,4.0,5.0,2.0,5.0,4.0,20.0
003033.SZ,征和工业,SW1汽车,2025-09-30,10.1603,12.91,22.7994,44.5739,13.2168,0.8214285714285714,0.6090225563909775,0.6879432624113475,0.7127659574468085,0.5070921985815603,5.0,4.0,4.0,4.0,3.0,20.0
600637.SH,东方明珠,SW1传媒,2025-09-30,1.8119,8.97,29.6209,18.3175,15.5716,0.47692307692307695,0.813953488372093,0.49230769230769234,0.7230769230769231,0.8384615384615385,3.0,5.0,3.0,4.0,5.0,20.0
600801.SH,华新建材,SW1建筑材料,2025-09-30,6.4779,-8.22,29.4994,53.2156,12.893,0.8028169014084507,0.7887323943661971,0.8450704225352113,0.7887323943661971,0.352112676056338,5.0,4.0,5.0,4.0,2.0,20.0
600750.SH,华润江中,SW1医药生物,2025-09-30,17.8485,9.34,66.0529,35.4641,33.1987,0.9745762711864406,0.6487068965517241,0.7441860465116279,0.9386892177589852,0.34883720930232553,5.0,4.0,4.0,5.0,2.0,20.0
600628.SH,新世界,SW1商贸零售,2025-09-30,1.5248,119.3,42.7043,25.0446,11.7476,0.46464646464646464,0.9393939393939394,0.7575757575757576,0.6464646464646465,0.7878787878787878,3.0,5.0,4.0,4.0,4.0,20.0
600583.SH,海油工程,SW1石油石化,2025-09-30,6.0274,34.1,14.3774,39.3508,14.3194,0.7659574468085106,0.8723404255319149,0.5319148936170213,0.7872340425531915,0.6170212765957447,4.0,5.0,3.0,4.0,4.0,20.0
600566.SH,济川药业,SW1医药生物,2025-09-30,7.1673,-10.27,76.2819,16.1839,17.8917,0.75,0.5021551724137931,0.8710359408033826,0.6680761099365751,0.7357293868921776,4.0,3.0,5.0,4.0,4.0,20.0
600563.SH,法拉电子,SW1电子,2025-09-30,16.1184,1.41,32.8762,30.8591,27.0849,0.9705263157894737,0.5503355704697986,0.7178947368421053,0.9052631578947369,0.5747368421052632,5.0,3.0,4.0,5.0,3.0,20.0
600562.SH,国睿科技,SW1国防军工,2025-09-30,5.9538,4.77,40.0829,33.6223,-1.9861,0.8208955223880597,0.7076923076923077,0.7089552238805971,0.6567164179104478,0.4776119402985075,5.0,4.0,4.0,4.0,3.0,20.0
300236.SZ,上海新阳,SW1电子,2025-09-30,4.2365,4.62,40.4563,24.7024,19.5537,0.5431578947368421,0.5704697986577181,0.8631578947368421,0.8147368421052632,0.6863157894736842,3.0,3.0,5.0,5.0,4.0,20.0
600031.SH,三一重工,SW1机械设备,2025-09-30,9.8174,32.27,27.6162,52.4934,22.0064,0.8617424242424242,0.8031189083820662,0.5245283018867924,0.8886792452830189,0.26415094339622647,5.0,5.0,3.0,5.0,2.0,20.0
600216.SH,浙江医药,SW1医药生物,2025-09-30,8.5993,268.6,37.4938,20.6887,22.2345,0.8199152542372882,0.9676724137931034,0.3403805496828753,0.7801268498942917,0.6236786469344608,5.0,5.0,2.0,4.0,4.0,20.0
600012.SH,皖通高速,SW1交通运输,2025-09-30,10.2534,0.75,41.2468,52.2242,47.4713,0.904,0.5080645161290323,0.864,0.872,0.344,5.0,3.0,5.0,5.0,2.0,20.0
600009.SH,上海机场,SW1交通运输,2025-09-30,3.9044,87.12,26.6269,36.8522,43.0963,0.392,0.9274193548387096,0.648,0.84,0.6,2.0,5.0,4.0,5.0,4.0,20.0
300259.SZ,新天科技,SW1机械设备,2025-09-30,5.367,-10.43,43.3364,14.7419,5.8292,0.6685606060606061,0.49317738791423,0.9056603773584906,0.5094339622641509,0.9169811320754717,4.0,3.0,5.0,3.0,5.0,20.0
600371.SH,万向德农,SW1农林牧渔,2025-09-30,3.4445,-19.65,29.0248,17.4531,1.1088,0.6262626262626263,0.6504854368932039,0.8235294117647058,0.29411764705882354,0.8737864077669903,4.0,4.0,5.0,2.0,5.0,20.0
600351.SH,亚宝药业,SW1医药生物,2025-09-30,7.5626,24.46,52.1348,17.5238,26.7255,0.7754237288135594,0.771551724137931,0.5412262156448203,0.8604651162790697,0.7040169133192389,4.0,4.0,3.0,5.0,4.0,20.0
600503.SH,华丽家族,SW1房地产,2025-09-30,-0.7304,-174.39,48.4153,22.3527,44.9391,0.4157303370786517,0.22105263157894736,0.9473684210526315,0.8947368421052632,0.9578947368421052,3.0,2.0,5.0,5.0,5.0,20.0
600497.SH,驰宏锌锗,SW1有色金属,2025-09-30,8.007,-14.01,17.9552,25.7989,19.8761,0.6370370370370371,0.3875968992248062,0.6370370370370371,0.8222222222222222,0.8444444444444444,4.0,2.0,4.0,5.0,5.0,20.0
600486.SH,XD扬农化,SW1基础化工,2025-09-30,9.6798,-23.19,22.3518,39.4315,23.2168,0.8678304239401496,0.4536082474226804,0.630272952853598,0.9106699751861043,0.456575682382134,5.0,3.0,4.0,5.0,3.0,20.0
300144.SZ,宋城演艺,SW1社会服务,2025-09-30,9.144,-1090.02,68.3592,14.3739,71.3627,0.782051282051282,0.038461538461538464,0.975,0.9875,0.9,4.0,1.0,5.0,5.0,5.0,20.0
600295.SH,鄂尔多斯,SW1钢铁,2025-09-30,8.1351,-47.37,23.6936,45.6152,10.0016,0.8333333333333334,0.32558139534883723,0.8372093023255814,0.7674418604651163,0.6744186046511628,5.0,2.0,5.0,4.0,4.0,20.0
600285.SH,羚锐制药,SW1医药生物,2025-09-30,20.5966,27.19,81.0184,42.9558,16.124,0.9851694915254238,0.7801724137931034,0.9217758985200846,0.6257928118393234,0.2346723044397463,5.0,4.0,5.0,4.0,2.0,20.0
600425.SH,青松建化,SW1建筑材料,2025-09-30,4.8436,-26.85,23.8015,29.0764,10.9194,0.7323943661971831,0.6338028169014085,0.6619718309859155,0.676056338028169,0.7605633802816901,4.0,4.0,4.0,4.0,4.0,20.0
600201.SH,生物股份,SW1农林牧渔,2025-09-30,2.9919,-62.41,53.8818,16.0623,18.383,0.5454545454545454,0.47572815533980584,0.9705882352941176,0.7843137254901961,0.912621359223301,3.0,3.0,5.0,4.0,5.0,20.0
300306.SZ,远方信息,SW1机械设备,2025-09-30,3.2835,-0.58,66.872,6.223,12.031,0.4564393939393939,0.5672514619883041,0.9924528301886792,0.7094339622641509,0.9962264150943396,3.0,3.0,5.0,4.0,5.0,20.0
600114.SH,东睦股份,SW1机械设备,2025-09-30,13.7288,141.31,25.0629,49.5467,18.321,0.9507575757575758,0.949317738791423,0.4339622641509434,0.8433962264150944,0.3056603773584906,5.0,5.0,3.0,5.0,2.0,20.0
600082.SH,ST海泰,SW1房地产,2025-09-30,0.1363,-24.49,21.3909,41.0021,151.0651,0.47191011235955055,0.5578947368421052,0.6,0.968421052631579,0.8,3.0,3.0,4.0,5.0,5.0,20.0
300824.SZ,北鼎股份,SW1家用电器,2025-09-30,11.636,-2.59,48.5949,29.3608,6.4987,0.8279569892473119,0.4673913043478261,0.946236559139785,0.5591397849462365,0.7741935483870968,5.0,3.0,5.0,3.0,4.0,20.0
300819.SZ,聚杰微纤,SW1纺织服饰,2025-09-30,6.0117,-13.32,29.255,13.2561,22.6921,0.6634615384615384,0.5096153846153846,0.47619047619047616,0.9809523809523809,0.9238095238095239,4.0,3.0,3.0,5.0,5.0,20.0
300907.SZ,康平科技,SW1电力设备,2025-09-30,6.3675,69.48,18.3053,39.1782,10.6664,0.7084468664850136,0.8632478632478633,0.5162162162162162,0.7648648648648648,0.6945945945945946,4.0,5.0,3.0,4.0,4.0,20.0
000600.SZ,建投能源,SW1公用事业,2025-09-30,13.6045,224.51,27.3348,57.3426,22.2816,0.9703703703703703,0.9777777777777777,0.625,0.5073529411764706,0.4338235294117647,5.0,5.0,4.0,3.0,3.0,20.0
688606.SH,奥泰生物,SW1医药生物,2025-09-30,4.876,68.02,56.2123,8.031,18.0799,0.5741525423728814,0.8836206896551724,0.5961945031712473,0.6744186046511628,0.9281183932346723,3.0,5.0,3.0,4.0,5.0,20.0
688708.SH,佳驰科技,SW1国防军工,2025-09-30,7.6311,,71.795,13.0158,26.969,0.9328358208955224,,1.0,0.9104477611940298,0.8731343283582089,5.0,,5.0,5.0,5.0,20.0
688665.SH,四方光电,SW1机械设备,2025-09-30,9.9463,-16.32,43.3235,31.7956,3.805,0.8636363636363636,0.4444444444444444,0.9018867924528302,0.44339622641509435,0.6415094339622642,5.0,3.0,5.0,3.0,4.0,20.0
688686.SH,奥普特,SW1机械设备,2025-09-30,6.1196,-29.66,62.8987,12.9975,12.7497,0.7026515151515151,0.3508771929824561,0.9867924528301887,0.7245283018867924,0.930188679245283,4.0,2.0,5.0,4.0,5.0,20.0
000419.SZ,通程控股,SW1商贸零售,2025-09-30,3.5764,13.36,22.8338,32.8524,20.0991,0.6565656565656566,0.7575757575757576,0.37373737373737376,0.8686868686868687,0.7474747474747474,4.0,4.0,2.0,5.0,4.0,19.0
688676.SH,金盘科技,SW1电力设备,2025-09-30,10.5977,13.65,26.0777,53.991,3.4279,0.9019073569482289,0.6866096866096866,0.7405405405405405,0.5432432432432432,0.44594594594594594,5.0,4.0,4.0,3.0,3.0,19.0
000557.SZ,西部创业,SW1交通运输,2025-09-30,4.7234,8.5,18.5957,8.5773,32.8209,0.472,0.6451612903225806,0.496,0.664,0.976,3.0,4.0,3.0,4.0,5.0,19.0
000042.SZ,中洲控股,SW1房地产,2025-09-30,1.8714,18.42,40.7327,91.0706,249.0242,0.6966292134831461,0.7684210526315789,0.9052631578947369,0.9789473684210527,0.0736842105263158,4.0,4.0,5.0,5.0,1.0,19.0
000065.SZ,北方国际,SW1建筑装饰,2025-09-30,4.9358,7.57,14.2384,56.873,9.0557,0.7801418439716312,0.7793103448275862,0.4689655172413793,0.8424657534246576,0.5616438356164384,4.0,4.0,3.0,5.0,3.0,19.0
000623.SZ,吉林敖东,SW1医药生物,2025-09-30,7.5861,5.18,47.0158,10.8706,9.8183,0.777542372881356,0.6293103448275862,0.46511627906976744,0.4334038054968288,0.8604651162790697,4.0,4.0,3.0,3.0,5.0,19.0
688571.SH,杭华股份,SW1基础化工,2025-09-30,4.8105,12.95,24.3863,24.1281,15.9278,0.5960099750623441,0.6701030927835051,0.674937965260546,0.7791563275434243,0.749379652605459,3.0,4.0,4.0,4.0,4.0,19.0
300850.SZ,新强联,SW1电力设备,2025-09-30,11.0897,-78.21,28.8797,38.3727,2.1939,0.9100817438692098,0.24216524216524216,0.8054054054054054,0.4864864864864865,0.7162162162162162,5.0,2.0,5.0,3.0,4.0,19.0
300840.SZ,酷特智能,SW1纺织服饰,2025-09-30,3.2486,-12.69,44.8947,18.8883,11.5753,0.46153846153846156,0.5192307692307693,0.7333333333333333,0.6952380952380952,0.8095238095238095,3.0,3.0,4.0,4.0,5.0,19.0
300855.SZ,图南股份,SW1有色金属,2025-09-30,6.3001,-19.17,28.0464,31.0645,20.1889,0.5037037037037037,0.3643410852713178,0.8148148148148148,0.8296296296296296,0.7851851851851852,3.0,2.0,5.0,5.0,4.0,19.0
000738.SZ,航发控制,SW1国防军工,2025-09-30,3.223,3.37,26.1337,19.2776,16.9703,0.6343283582089553,0.6923076923076923,0.3656716417910448,0.8507462686567164,0.7611940298507462,4.0,4.0,2.0,5.0,4.0,19.0
688623.SH,双元科技,SW1机械设备,2025-09-30,2.4593,-34.92,39.651,19.6658,38.0062,0.3787878787878788,0.3235867446393762,0.8433962264150944,0.9773584905660377,0.8320754716981132,2.0,2.0,5.0,5.0,5.0,19.0
688615.SH,合合信息,SW1计算机,2025-09-30,12.85,,86.405,23.1399,28.4724,0.972972972972973,,0.963963963963964,0.954954954954955,0.6486486486486487,5.0,,5.0,5.0,4.0,19.0
688569.SH,铁科轨道,SW1机械设备,2025-09-30,3.1677,-27.73,42.3937,14.3918,13.1574,0.4431818181818182,0.3684210526315789,0.8773584905660378,0.7377358490566037,0.9226415094339623,3.0,2.0,5.0,4.0,5.0,19.0
688563.SH,航材股份,SW1国防军工,2025-09-30,3.8311,0.84,31.142,12.2015,-4.8159,0.6865671641791045,0.6692307692307692,0.5074626865671642,0.5447761194029851,0.9029850746268657,4.0,4.0,3.0,3.0,5.0,19.0
688551.SH,科威尔,SW1电力设备,2025-09-30,3.9614,-58.55,40.773,23.8417,11.9716,0.5367847411444142,0.30484330484330485,0.9513513513513514,0.7972972972972973,0.8675675675675676,3.0,2.0,5.0,4.0,5.0,19.0
300193.SZ,佳士科技,SW1机械设备,2025-09-30,7.0709,26.06,30.7574,22.3928,7.7602,0.7481060606060606,0.7797270955165692,0.620754716981132,0.5886792452830188,0.7886792452830189,4.0,4.0,4.0,3.0,4.0,19.0
300303.SZ,聚飞光电,SW1电子,2025-09-30,5.6553,47.69,21.0006,40.1447,15.2495,0.6526315789473685,0.8031319910514542,0.4105263157894737,0.7242105263157895,0.4252631578947368,4.0,5.0,3.0,4.0,3.0,19.0
600183.SH,生益科技,SW1电子,2025-09-30,16.0535,62.61,26.7367,45.3877,15.4073,0.968421052631579,0.8277404921700223,0.5768421052631579,0.7305263157894737,0.34736842105263155,5.0,5.0,3.0,4.0,2.0,19.0
600161.SH,天坛生物,SW1医药生物,2025-09-30,7.2445,39.94,43.8131,9.6903,2.618,0.7542372881355932,0.8426724137931034,0.4249471458773784,0.25792811839323465,0.8858350951374208,4.0,5.0,3.0,2.0,5.0,19.0
600096.SH,云天化,SW1基础化工,2025-09-30,20.3053,10.0,20.8515,47.3834,20.8794,0.9925187032418953,0.6365979381443299,0.5806451612903226,0.8784119106699751,0.32506203473945405,5.0,4.0,3.0,5.0,2.0,19.0
300823.SZ,建科智能,SW1机械设备,2025-09-30,1.937,-18.78,42.8271,24.3022,29.8361,0.32386363636363635,0.4249512670565302,0.8905660377358491,0.9547169811320755,0.7509433962264151,2.0,3.0,5.0,5.0,4.0,19.0
000576.SZ,甘化科工,SW1国防军工,2025-09-30,4.7511,-107.07,45.5258,24.3043,3.1561,0.7388059701492538,0.24615384615384617,0.8134328358208955,0.7388059701492538,0.6716417910447761,4.0,2.0,5.0,4.0,4.0,19.0
000755.SZ,山西高速,SW1交通运输,2025-09-30,7.198,1.59,58.1539,55.0307,73.9441,0.728,0.5241935483870968,0.96,0.968,0.30400000000000005,4.0,3.0,5.0,5.0,2.0,19.0
688516.SH,奥特维,SW1电力设备,2025-09-30,9.9506,5.95,30.1661,72.7818,11.7532,0.8910081743869209,0.6182336182336182,0.8162162162162162,0.7918918918918919,0.1216216216216216,5.0,4.0,5.0,4.0,1.0,19.0
688498.SH,源杰科技,SW1电子,2025-09-30,4.99,-131.49,54.7625,9.0829,17.4657,0.6,0.12304250559284116,0.9663157894736842,0.7768421052631579,0.9347368421052632,4.0,1.0,5.0,4.0,5.0,19.0
000708.SZ,中信特钢,SW1钢铁,2025-09-30,10.4399,-9.15,14.724,60.2772,11.1319,0.9523809523809523,0.627906976744186,0.7674418604651163,0.7906976744186046,0.32558139534883723,5.0,4.0,4.0,4.0,2.0,19.0
000682.SZ,东方电子,SW1电力设备,2025-09-30,9.3262,22.71,32.1243,55.2065,-6.8691,0.8637602179836512,0.7464387464387464,0.8567567567567568,0.25405405405405407,0.4162162162162162,5.0,4.0,5.0,2.0,3.0,19.0
000899.SZ,赣能股份,SW1公用事业,2025-09-30,14.4371,44.42,23.9689,64.6021,40.304,0.9777777777777777,0.8740740740740741,0.5735294117647058,0.7058823529411765,0.2867647058823529,5.0,5.0,3.0,4.0,2.0,19.0
000885.SZ,城发环境,SW1环保,2025-09-30,10.3542,4.16,41.1028,68.4013,32.7695,0.9538461538461539,0.5813953488372093,0.8615384615384616,0.8307692307692308,0.16153846153846152,5.0,3.0,5.0,5.0,1.0,19.0
600312.SH,平高电气,SW1电力设备,2025-09-30,8.9917,21.52,25.0882,47.7082,1.5469,0.8474114441416893,0.7378917378917379,0.7081081081081081,0.45675675675675675,0.5405405405405406,5.0,4.0,4.0,3.0,3.0,19.0
600300.SH,维维股份,SW1食品饮料,2025-09-30,6.8854,101.2,27.6574,23.7015,27.9508,0.5737704918032787,0.9173553719008265,0.3360655737704918,0.9016393442622951,0.639344262295082,3.0,5.0,2.0,5.0,4.0,19.0
600282.SH,南钢股份,SW1钢铁,2025-09-30,8.2144,-2.33,13.7965,59.2122,7.2541,0.8809523809523809,0.6511627906976745,0.7441860465116279,0.6744186046511628,0.34883720930232553,5.0,4.0,4.0,4.0,2.0,19.0
600251.SH,冠农股份,SW1农林牧渔,2025-09-30,9.3957,-71.28,7.809,32.7705,62.5013,0.8484848484848485,0.46601941747572817,0.2647058823529412,0.9803921568627451,0.7281553398058253,5.0,3.0,2.0,5.0,4.0,19.0
600426.SH,华鲁恒升,SW1基础化工,2025-09-30,7.4511,15.34,18.3827,29.6008,14.0064,0.7880299251870324,0.6855670103092784,0.5037220843672456,0.749379652605459,0.6426799007444168,4.0,4.0,3.0,4.0,4.0,19.0
600420.SH,国药现代,SW1医药生物,2025-09-30,5.9695,38.1,33.293,18.7898,16.4966,0.6567796610169492,0.8362068965517241,0.2748414376321353,0.6342494714587738,0.6638477801268499,4.0,5.0,2.0,4.0,4.0,19.0
600191.SH,华资实业,SW1农林牧渔,2025-09-30,3.4382,34.81,6.1987,27.077,11.2443,0.6161616161616161,0.8543689320388349,0.1568627450980392,0.6470588235294118,0.8058252427184466,4.0,5.0,1.0,4.0,5.0,19.0
600188.SH,兖矿能源,SW1煤炭,2025-09-30,8.6536,-22.92,29.7424,66.9054,18.6743,0.8787878787878788,0.6363636363636364,0.7272727272727273,0.8181818181818182,0.12121212121212122,5.0,4.0,4.0,5.0,1.0,19.0
300211.SZ,亿通科技,SW1通信,2025-09-30,-3.9421,6890.39,38.2644,26.4835,13.3973,0.17355371900826447,1.0,0.8016528925619835,0.7933884297520661,0.7024793388429752,1.0,5.0,5.0,4.0,4.0,19.0
300206.SZ,理邦仪器,SW1医药生物,2025-09-30,12.3604,-26.5,58.3904,14.4294,12.6169,0.9067796610169492,0.40086206896551724,0.627906976744186,0.5158562367864693,0.7780126849894292,5.0,3.0,4.0,3.0,4.0,19.0
600483.SH,福能股份,SW1公用事业,2025-09-30,7.7211,8.93,26.0356,38.2604,35.9367,0.7185185185185186,0.674074074074074,0.5808823529411765,0.6617647058823529,0.7867647058823529,4.0,4.0,3.0,4.0,4.0,19.0
600482.SH,中国动力,SW1电力设备,2025-09-30,3.0452,141.19,16.0151,53.7974,18.4473,0.47411444141689374,0.9202279202279202,0.43243243243243246,0.9108108108108108,0.4486486486486486,3.0,5.0,3.0,5.0,3.0,19.0
600461.SH,洪城环境,SW1环保,2025-09-30,9.754,7.92,34.8847,56.3664,18.0763,0.9307692307692308,0.6356589147286822,0.7230769230769231,0.7,0.3846153846153846,5.0,4.0,4.0,4.0,2.0,19.0
600380.SH,健康元,SW1医药生物,2025-09-30,7.4229,4.62,62.9289,33.1292,26.1496,0.7690677966101694,0.6185344827586207,0.6892177589852009,0.8520084566596194,0.37843551797040165,4.0,4.0,4.0,5.0,2.0,19.0
600360.SH,华微电子,SW1电子,2025-09-30,4.4073,251.33,27.5736,38.2396,99.6106,0.56,0.9463087248322147,0.5936842105263158,1.0,0.44842105263157894,3.0,5.0,3.0,5.0,3.0,19.0
600352.SH,浙江龙盛,SW1基础化工,2025-09-30,4.0832,35.88,29.3209,51.1835,57.5391,0.5211970074812967,0.7912371134020618,0.8089330024813896,0.9950372208436724,0.2655086848635235,3.0,4.0,5.0,5.0,2.0,19.0
600338.SH,西藏珠峰,SW1有色金属,2025-09-30,10.8694,-197.63,52.6833,33.8965,29.6007,0.7925925925925926,0.06976744186046512,0.9555555555555556,0.9185185185185185,0.7037037037037037,4.0,1.0,5.0,5.0,4.0,19.0
600549.SH,厦门钨业,SW1有色金属,2025-09-30,10.9028,7.47,18.0243,49.2318,7.6413,0.8,0.5581395348837209,0.6518518518518519,0.6518518518518519,0.45185185185185184,5.0,3.0,4.0,4.0,3.0,19.0
600547.SH,山东黄金,SW1有色金属,2025-09-30,9.6195,53.57,18.0138,62.9347,18.1373,0.6962962962962963,0.8372093023255814,0.6444444444444445,0.8,0.14074074074074072,4.0,5.0,4.0,5.0,1.0,19.0
600535.SH,天士力,SW1医药生物,2025-09-30,8.1327,-15.5,66.9908,16.4283,13.8276,0.8029661016949152,0.4676724137931034,0.758985200845666,0.5496828752642706,0.7293868921775899,5.0,3.0,4.0,3.0,4.0,19.0
600489.SH,中金黄金,SW1有色金属,2025-09-30,13.002,16.21,17.4398,45.194,2.7109,0.8444444444444444,0.6589147286821705,0.6222222222222222,0.48148148148148145,0.5407407407407407,5.0,4.0,4.0,3.0,3.0,19.0
600179.SH,安通控股,SW1交通运输,2025-09-30,5.9788,7.52,15.2905,22.3933,23.4945,0.6,0.6290322580645161,0.432,0.512,0.832,4.0,4.0,3.0,3.0,5.0,19.0
688380.SH,中微半导,SW1电子,2025-09-30,5.0434,-723.43,33.6205,13.4767,29.039,0.608421052631579,0.029082774049217,0.7347368421052631,0.9221052631578948,0.8610526315789474,4.0,1.0,4.0,5.0,5.0,19.0
688378.SH,奥来德,SW1电子,2025-09-30,1.8428,-26.04,45.1128,29.2166,21.8328,0.3431578947368421,0.4004474272930649,0.9031578947368422,0.8442105263157895,0.6042105263157895,2.0,3.0,5.0,5.0,4.0,19.0
688375.SH,国博电子,SW1国防军工,2025-09-30,3.9907,-20.06,38.1178,20.883,-2.2173,0.6940298507462687,0.5769230769230769,0.6791044776119403,0.6417910447761194,0.7164179104477613,4.0,3.0,4.0,4.0,4.0,19.0
688372.SH,伟测科技,SW1电子,2025-09-30,7.3994,8.67,38.6752,58.7016,46.1801,0.7747368421052632,0.6085011185682326,0.8336842105263158,0.9894736842105263,0.15578947368421048,4.0,4.0,5.0,5.0,1.0,19.0
688366.SH,昊海生科,SW1医药生物,2025-09-30,5.4445,-8.74,70.3878,17.3314,19.8528,0.6271186440677966,0.5150862068965517,0.7906976744186046,0.718816067653277,0.7103594080338267,4.0,3.0,4.0,4.0,4.0,19.0
688365.SH,光云科技,SW1计算机,2025-09-30,-1.5791,368.28,70.3133,46.9273,12.7421,0.3933933933933934,0.9693251533742331,0.9129129129129129,0.8348348348348348,0.2492492492492493,2.0,5.0,5.0,5.0,2.0,19.0
300917.SZ,特发服务,SW1房地产,2025-09-30,7.9845,2.61,11.3938,39.7978,3.079,0.9438202247191011,0.7052631578947368,0.2736842105263158,0.4631578947368421,0.8105263157894737,5.0,4.0,2.0,3.0,5.0,19.0
600066.SH,宇通客车,SW1汽车,2025-09-30,24.5344,125.82,22.3579,56.9946,6.8124,0.9821428571428571,0.9511278195488722,0.6843971631205674,0.450354609929078,0.23049645390070927,5.0,5.0,4.0,3.0,2.0,19.0
600054.SH,黄山旅游,SW1社会服务,2025-09-30,5.368,-25.44,48.6036,15.5236,32.6253,0.5512820512820513,0.4358974358974359,0.7375,0.7625,0.875,3.0,3.0,4.0,4.0,5.0,19.0
600210.SH,紫江企业,SW1轻工制造,2025-09-30,15.0536,37.48,23.5606,48.2494,11.4346,0.9545454545454546,0.821917808219178,0.525974025974026,0.6493506493506493,0.31818181818181823,5.0,5.0,3.0,4.0,2.0,19.0
600011.SH,华能国际,SW1公用事业,2025-09-30,10.4352,55.35,19.9482,63.7787,30.5089,0.8888888888888888,0.9111111111111111,0.4485294117647059,0.6029411764705882,0.30147058823529416,5.0,5.0,3.0,4.0,2.0,19.0
600008.SH,首创环保,SW1环保,2025-09-30,4.5765,98.28,37.0427,63.5931,15.9138,0.6461538461538462,0.9457364341085271,0.7615384615384615,0.6153846153846154,0.23076923076923073,4.0,5.0,4.0,4.0,2.0,19.0
300235.SZ,方直科技,SW1计算机,2025-09-30,1.0071,-45.66,83.1545,1.7655,-2.3596,0.5825825825825826,0.42024539877300615,0.948948948948949,0.5645645645645646,0.996996996996997,3.0,3.0,5.0,3.0,5.0,19.0
300234.SZ,开尔新材,SW1建筑材料,2025-09-30,1.7953,-70.84,26.1014,15.5104,47.0044,0.5070422535211268,0.36619718309859156,0.7887323943661971,1.0,0.9577464788732395,3.0,2.0,4.0,5.0,5.0,19.0
300230.SZ,永利股份,SW1基础化工,2025-09-30,5.0803,-40.8,31.4539,22.0643,14.1018,0.6234413965087282,0.35051546391752575,0.8486352357320099,0.7518610421836228,0.7717121588089331,4.0,2.0,5.0,4.0,4.0,19.0
300995.SZ,奇德新材,SW1基础化工,2025-09-30,2.0449,10.15,25.7629,25.2262,17.2849,0.3541147132169576,0.6417525773195877,0.7121588089330024,0.8213399503722084,0.7344913151364765,2.0,4.0,4.0,5.0,4.0,19.0
300979.SZ,华利集团,SW1纺织服饰,2025-09-30,14.7535,19.87,21.9556,33.7554,20.1444,0.9615384615384616,0.7788461538461539,0.3619047619047619,0.9142857142857143,0.5142857142857142,5.0,4.0,2.0,5.0,3.0,19.0
300976.SZ,达瑞电子,SW1电子,2025-09-30,6.6633,249.43,23.1104,18.293,6.2717,0.7347368421052631,0.941834451901566,0.47789473684210526,0.4631578947368421,0.7789473684210526,4.0,5.0,3.0,3.0,4.0,19.0
300871.SZ,回盛生物,SW1农林牧渔,2025-09-30,10.5389,-217.83,29.3672,28.3954,14.4113,0.8787878787878788,0.1650485436893204,0.8333333333333334,0.7058823529411765,0.7864077669902912,5.0,1.0,5.0,4.0,4.0,19.0
300788.SZ,中信出版,SW1传媒,2025-09-30,7.2646,-1.73,40.529,31.5451,8.1896,0.7615384615384615,0.7209302325581395,0.7,0.6153846153846154,0.5153846153846153,4.0,4.0,4.0,4.0,3.0,19.0
001210.SZ,金房能源,SW1公用事业,2025-09-30,7.0471,196.99,26.459,32.727,-9.3027,0.6814814814814815,0.9629629629629629,0.6029411764705882,0.0661764705882353,0.8161764705882353,4.0,5.0,4.0,1.0,5.0,19.0
000993.SZ,闽东电力,SW1公用事业,2025-09-30,5.8602,-26.55,53.3196,27.7889,46.1997,0.5481481481481482,0.26296296296296295,0.9338235294117647,0.7352941176470589,0.8823529411764706,3.0,2.0,5.0,4.0,5.0,19.0
600449.SH,宁夏建材,SW1建筑材料,2025-09-30,3.0153,-29.5,12.4141,25.5525,16.2692,0.5915492957746479,0.6056338028169014,0.2112676056338028,0.8450704225352113,0.8169014084507042,3.0,4.0,2.0,5.0,5.0,19.0
600609.SH,金杯汽车,SW1汽车,2025-09-30,12.1472,79.04,14.3792,54.9985,15.8216,0.9071428571428571,0.9022556390977443,0.2872340425531915,0.8120567375886525,0.276595744680851,5.0,5.0,2.0,5.0,2.0,19.0
600605.SH,汇通能源,SW1商贸零售,2025-09-30,1.8749,75.62,48.298,6.5377,-135.6584,0.5050505050505051,0.8888888888888888,0.8181818181818182,0.010101010101010102,0.9494949494949495,3.0,5.0,5.0,1.0,5.0,19.0
600600.SH,青岛啤酒,SW1食品饮料,2025-09-30,17.4666,3.3,43.656,37.3458,19.8055,0.9180327868852459,0.5537190082644629,0.7049180327868853,0.7950819672131147,0.42622950819672134,5.0,3.0,4.0,4.0,3.0,19.0
600578.SH,京能电力,SW1公用事业,2025-09-30,10.8247,109.59,20.6008,61.8355,35.948,0.8962962962962963,0.9481481481481482,0.47058823529411764,0.6691176470588235,0.3308823529411765,5.0,5.0,3.0,4.0,2.0,19.0
600576.SH,祥源文旅,SW1社会服务,2025-09-30,5.402,1.44,51.6463,36.5739,38.9629,0.5769230769230769,0.6410256410256411,0.7625,0.8375,0.4625,3.0,4.0,4.0,5.0,3.0,19.0
300139.SZ,晓程科技,SW1有色金属,2025-09-30,7.2709,-285.44,65.0715,18.0915,44.2984,0.5555555555555556,0.023255813953488372,1.0,0.9703703703703703,0.9259259259259259,3.0,1.0,5.0,5.0,5.0,19.0
000985.SZ,大庆华科,SW1石油石化,2025-09-30,2.1698,160.63,6.0151,15.6824,8.2623,0.5319148936170213,0.9361702127659575,0.2553191489361702,0.6595744680851063,0.8936170212765957,3.0,5.0,2.0,4.0,5.0,19.0
688325.SH,赛微微电,SW1电子,2025-09-30,3.6136,31.9,53.9617,7.7365,-3.4987,0.49894736842105264,0.727069351230425,0.9621052631578947,0.2063157894736842,0.9494736842105264,3.0,4.0,5.0,2.0,5.0,19.0
688286.SH,敏芯股份,SW1电子,2025-09-30,3.4842,-65.42,30.2788,14.1053,22.4899,0.4884210526315789,0.232662192393736,0.6610526315789473,0.8568421052631578,0.8463157894736842,3.0,2.0,4.0,5.0,5.0,19.0
688283.SH,坤恒顺维,SW1通信,2025-09-30,2.7039,-57.48,61.3657,15.9331,8.4738,0.512396694214876,0.26666666666666666,0.9917355371900827,0.6611570247933884,0.8512396694214877,3.0,2.0,5.0,4.0,5.0,19.0
000933.SZ,神火股份,SW1有色金属,2025-09-30,15.2914,-28.69,23.1757,51.0573,22.249,0.9111111111111111,0.3333333333333333,0.7703703703703704,0.8740740740740741,0.40740740740740744,5.0,2.0,4.0,5.0,3.0,19.0
000902.SZ,新洋丰,SW1基础化工,2025-09-30,12.3915,9.84,18.1857,38.8636,9.0766,0.9376558603491272,0.6314432989690721,0.4987593052109181,0.6153846153846154,0.46650124069478904,5.0,4.0,3.0,4.0,3.0,19.0
001268.SZ,联合精密,SW1家用电器,2025-09-30,5.8313,15.52,22.2914,33.0744,14.8673,0.5161290322580645,0.7065217391304348,0.5161290322580645,0.8709677419354839,0.6774193548387097,3.0,4.0,3.0,5.0,4.0,19.0
600711.SH,盛屯矿业,SW1有色金属,2025-09-30,10.5177,280.45,19.9442,55.1154,14.1617,0.7703703703703704,0.9689922480620154,0.7111111111111111,0.762962962962963,0.31851851851851853,4.0,5.0,4.0,4.0,2.0,19.0
600690.SH,海尔智家,SW1家用电器,2025-09-30,15.0182,14.55,27.2077,56.4839,7.4731,0.9139784946236559,0.6847826086956522,0.6344086021505376,0.6021505376344086,0.25806451612903225,5.0,4.0,4.0,4.0,2.0,19.0
600678.SH,ST金顶,SW1建筑材料,2025-09-30,12.7265,-47.94,26.2831,77.839,20.8175,0.971830985915493,0.5070422535211268,0.8028169014084507,0.9154929577464789,0.09859154929577463,5.0,3.0,5.0,5.0,1.0,19.0
600770.SH,综艺股份,SW1综合,2025-09-30,2.716,-103.06,25.4502,20.238,13.308,0.55,0.35,0.85,0.7,0.9,3.0,2.0,5.0,4.0,5.0,19.0
600763.SH,通策医疗,SW1医药生物,2025-09-30,12.2679,-1.08,41.6892,25.1017,29.7623,0.902542372881356,0.5711206896551724,0.40169133192389006,0.9027484143763214,0.5348837209302326,5.0,3.0,3.0,5.0,3.0,19.0
600757.SH,长江传媒,SW1传媒,2025-09-30,8.8496,-6.93,35.5945,31.4721,7.3752,0.8461538461538461,0.6821705426356589,0.6153846153846154,0.5884615384615385,0.523076923076923,5.0,4.0,4.0,3.0,3.0,19.0
600455.SH,博通股份,SW1计算机,2025-09-30,9.106,11.55,53.131,67.4217,41.0617,0.918918918918919,0.7515337423312883,0.7807807807807807,0.984984984984985,0.06606606606606602,5.0,4.0,4.0,5.0,1.0,19.0
688259.SH,创耀科技,SW1电子,2025-09-30,4.4332,3.48,30.7618,13.2125,17.4075,0.5621052631578948,0.5615212527964206,0.6736842105263158,0.7747368421052632,0.8694736842105263,3.0,3.0,4.0,4.0,5.0,19.0
688233.SH,神工股份,SW1电子,2025-09-30,3.9005,-166.62,42.0151,7.2076,39.8833,0.5221052631578947,0.10067114093959731,0.8778947368421053,0.9810526315789474,0.96,3.0,1.0,5.0,5.0,5.0,19.0
001359.SZ,平安电工,SW1基础化工,2025-09-30,10.535,,37.9966,16.519,14.9192,0.8952618453865336,,0.9230769230769231,0.7617866004962779,0.8387096774193549,5.0,,5.0,4.0,5.0,19.0
688230.SH,芯导科技,SW1电子,2025-12-31,4.6819,-4.91,32.8414,2.5289,15.9517,0.5810526315789474,0.5167785234899329,0.7136842105263158,0.7431578947368421,0.9978947368421053,3.0,3.0,4.0,4.0,5.0,19.0
688222.SH,成都先导,SW1医药生物,2025-09-30,6.4863,22.17,54.8521,22.5629,43.8471,0.6949152542372882,0.7543103448275862,0.5792811839323467,0.9894291754756871,0.5983086680761099,4.0,4.0,3.0,5.0,3.0,19.0
002023.SZ,海特高新,SW1国防军工,2025-09-30,2.7522,51.08,34.0063,35.8712,23.4619,0.5970149253731343,0.9076923076923077,0.5597014925373134,0.9029850746268657,0.4328358208955224,3.0,5.0,3.0,5.0,3.0,19.0
688205.SH,德科立,SW1通信,2025-09-30,1.7738,9.07,26.6454,16.8144,7.5492,0.4628099173553719,0.6,0.5537190082644629,0.6528925619834711,0.8264462809917356,3.0,4.0,3.0,4.0,5.0,19.0
688196.SH,卓越新能,SW1基础化工,2025-09-30,5.8776,89.57,11.7298,21.1956,14.6042,0.6807980049875312,0.9020618556701031,0.2704714640198511,0.7593052109181141,0.7866004962779156,4.0,5.0,2.0,4.0,4.0,19.0
300187.SZ,永清环保,SW1环保,2025-09-30,8.8993,22.71,33.4415,67.2484,27.5521,0.9,0.7829457364341085,0.6692307692307692,0.8,0.17692307692307696,5.0,4.0,4.0,5.0,1.0,19.0
300401.SZ,花园生物,SW1医药生物,2025-09-30,7.0535,60.75,55.2496,42.1936,36.896,0.7415254237288136,0.8814655172413793,0.5856236786469344,0.9661733615221987,0.2515856236786469,4.0,5.0,3.0,5.0,2.0,19.0
301668.SZ,昊创瑞通,SW1电力设备,2025-09-30,12.4565,,26.046,19.0145,13.1596,0.9318801089918256,,0.7351351351351352,0.8189189189189189,0.9108108108108108,5.0,,4.0,5.0,5.0,19.0
301626.SZ,苏州天脉,SW1电子,2025-09-30,9.2798,,39.5468,12.3689,15.7757,0.8526315789473684,,0.8442105263157895,0.7389473684210527,0.888421052631579,5.0,,5.0,4.0,5.0,19.0
301609.SZ,山大电力,SW1电力设备,2025-09-30,9.4549,,42.8896,30.735,18.3194,0.8664850136239782,,0.9567567567567568,0.9054054054054054,0.7945945945945946,5.0,,5.0,5.0,4.0,19.0
301377.SZ,鼎泰高科,SW1机械设备,2025-09-30,10.9981,3.56,40.6232,34.4508,1.5103,0.9034090909090909,0.6276803118908382,0.8566037735849057,0.37735849056603776,0.5867924528301887,5.0,4.0,5.0,2.0,3.0,19.0
301538.SZ,骏鼎达,SW1基础化工,2025-09-30,10.3877,,40.38,14.5444,13.0059,0.8902743142144638,,0.9354838709677419,0.7121588089330024,0.8660049627791564,5.0,,5.0,4.0,5.0,19.0
300151.SZ,昌红科技,SW1机械设备,2025-09-30,2.9745,360.63,24.813,38.7193,23.046,0.42613636363636365,0.98635477582846,0.42830188679245285,0.8962264150943396,0.5018867924528302,3.0,5.0,3.0,5.0,3.0,19.0
300101.SZ,振芯科技,SW1国防军工,2025-09-30,5.1179,-29.6,61.2316,33.0438,1.1635,0.7686567164179104,0.5461538461538461,0.9552238805970149,0.7089552238805971,0.5074626865671642,4.0,3.0,5.0,4.0,3.0,19.0
688187.SH,时代电气,SW1机械设备,2025-09-30,6.5843,27.99,32.422,35.9436,11.2424,0.7253787878787878,0.7894736842105263,0.6679245283018868,0.6867924528301886,0.560377358490566,4.0,4.0,4.0,4.0,3.0,19.0
688182.SH,灿勤科技,SW1通信,2025-09-30,3.9038,33.82,32.6154,15.1041,5.0551,0.5867768595041323,0.7166666666666667,0.6859504132231405,0.5785123966942148,0.8677685950413223,3.0,4.0,4.0,3.0,5.0,19.0
300802.SZ,矩子科技,SW1机械设备,2025-09-30,5.3264,-20.45,30.8276,20.9342,6.1307,0.6628787878787878,0.41325536062378165,0.6226415094339622,0.5207547169811321,0.8094339622641509,4.0,3.0,4.0,3.0,5.0,19.0
300766.SZ,每日互动,SW1计算机,2025-09-30,-3.4548,28.65,59.0791,10.7311,-22.108,0.29429429429429427,0.8098159509202454,0.8348348348348348,0.2912912912912913,0.8798798798798799,2.0,5.0,5.0,2.0,5.0,19.0
688256.SH,寒武纪,SW1电子,2025-09-30,19.1785,-47.96,55.2929,10.1158,-0.636,0.9789473684210527,0.2796420581655481,0.968421052631579,0.25473684210526315,0.9157894736842105,5.0,2.0,5.0,2.0,5.0,19.0
688248.SH,南网科技,SW1电力设备,2025-09-30,9.268,30.55,33.925,32.4619,-9.3016,0.8583106267029973,0.7806267806267806,0.8918918918918919,0.1918918918918919,0.7837837837837838,5.0,4.0,5.0,1.0,4.0,19.0
688146.SH,中船特气,SW1电子,2025-09-30,4.3748,-9.24,29.515,23.7322,38.4297,0.5557894736842105,0.49440715883668906,0.64,0.9726315789473684,0.7031578947368421,3.0,3.0,4.0,5.0,4.0,19.0
688129.SH,东来技术,SW1基础化工,2025-09-30,7.6076,64.0,36.271,43.2965,4.9112,0.7980049875311721,0.8608247422680413,0.9106699751861043,0.41687344913151364,0.39702233250620345,4.0,5.0,5.0,3.0,2.0,19.0
688128.SH,中国电研,SW1机械设备,2025-09-30,11.4882,15.23,33.5368,56.7818,18.098,0.9109848484848485,0.7387914230019493,0.6943396226415094,0.8377358490566038,0.19056603773584901,5.0,4.0,4.0,5.0,1.0,19.0
688122.SH,西部超导,SW1国防军工,2025-09-30,9.5543,14.57,37.9441,48.2028,-2.6199,0.9626865671641791,0.7615384615384615,0.664179104477612,0.6343283582089553,0.23880597014925375,5.0,4.0,4.0,4.0,2.0,19.0
001323.SZ,慕思股份,SW1轻工制造,2025-09-30,10.4528,-4.36,52.3362,42.6164,4.0935,0.8831168831168831,0.5547945205479452,0.987012987012987,0.4025974025974026,0.42207792207792205,5.0,3.0,5.0,3.0,3.0,19.0
002040.SZ,南 京 港,SW1交通运输,2025-09-30,4.2331,-5.23,46.6928,25.055,29.9874,0.424,0.4435483870967742,0.936,0.624,0.744,3.0,3.0,5.0,4.0,4.0,19.0
002035.SZ,华帝股份,SW1家用电器,2025-09-30,9.2823,7.72,43.2925,43.8052,7.2045,0.7526881720430108,0.6521739130434783,0.9139784946236559,0.5806451612903226,0.4838709677419355,4.0,4.0,5.0,3.0,3.0,19.0
300001.SZ,特锐德,SW1电力设备,2025-09-30,8.849,78.34,26.4088,64.449,1.8484,0.8365122615803815,0.8717948717948718,0.7486486486486487,0.47297297297297297,0.2594594594594595,5.0,5.0,4.0,3.0,2.0,19.0
600873.SH,梅花生物,SW1基础化工,2025-09-30,19.7134,-13.85,21.2636,37.9954,25.8635,0.9850374064837906,0.5,0.5905707196029777,0.9230769230769231,0.4813895781637717,5.0,3.0,3.0,5.0,3.0,19.0
600866.SH,星湖科技,SW1基础化工,2025-09-30,12.5444,38.52,18.9813,50.7871,15.2937,0.942643391521197,0.8015463917525774,0.5210918114143921,0.7692307692307693,0.2729528535980149,5.0,5.0,3.0,4.0,2.0,19.0
600863.SH,华能蒙电,SW1公用事业,2025-09-30,12.0222,17.31,23.6044,38.2248,29.744,0.9407407407407408,0.762962962962963,0.5661764705882353,0.5955882352941176,0.7941176470588236,5.0,4.0,3.0,3.0,4.0,19.0
600845.SH,宝信软件,SW1计算机,2025-09-30,9.8045,-10.89,35.7991,48.2647,26.086,0.9459459459459459,0.6165644171779141,0.5195195195195195,0.933933933933934,0.23723723723723722,5.0,4.0,3.0,5.0,2.0,19.0
002020.SZ,京新药业,SW1医药生物,2025-09-30,9.9065,15.35,50.07,28.7408,20.1918,0.8495762711864406,0.7025862068965517,0.5179704016913319,0.7315010570824524,0.4587737843551797,5.0,4.0,3.0,4.0,3.0,19.0
002011.SZ,盾安环境,SW1家用电器,2025-09-30,12.9624,42.02,17.9133,46.2161,7.53,0.8709677419354839,0.8695652173913043,0.3763440860215054,0.6129032258064516,0.4301075268817204,5.0,5.0,2.0,4.0,3.0,19.0
688069.SH,德林海,SW1环保,2025-09-30,3.6775,538.11,51.2893,23.7786,-43.9507,0.5692307692307692,0.9844961240310077,0.9615384615384616,0.015384615384615385,0.8769230769230769,3.0,5.0,5.0,1.0,5.0,19.0
688026.SH,洁特生物,SW1医药生物,2025-09-30,4.7214,107.88,42.1742,28.7527,32.2207,0.565677966101695,0.9245689655172413,0.41226215644820297,0.9281183932346723,0.4566596194503171,3.0,5.0,3.0,5.0,3.0,19.0
002051.SZ,中工国际,SW1建筑装饰,2025-09-30,2.1465,5.48,18.5677,53.6766,9.4894,0.475177304964539,0.7586206896551724,0.593103448275862,0.863013698630137,0.636986301369863,3.0,4.0,3.0,5.0,4.0,19.0
002049.SZ,紫光国微,SW1电子,2025-09-30,9.8294,-53.23,56.6007,27.0229,5.8212,0.871578947368421,0.2639821029082774,0.9747368421052631,0.44842105263157894,0.6442105263157895,5.0,2.0,5.0,3.0,4.0,19.0
601022.SH,宁波远洋,SW1交通运输,2025-09-30,9.0279,10.95,17.2719,31.1483,27.6453,0.864,0.6854838709677419,0.456,0.592,0.688,5.0,4.0,3.0,3.0,4.0,19.0
601018.SH,宁波港,SW1交通运输,2025-09-30,4.9049,4.6,30.7637,25.767,42.5268,0.48,0.5564516129032258,0.728,0.832,0.736,3.0,3.0,4.0,5.0,4.0,19.0
601566.SH,九牧王,SW1纺织服饰,2025-09-30,7.7325,-7.41,65.6143,28.5761,4.3562,0.7884615384615384,0.5673076923076923,0.9238095238095239,0.45714285714285713,0.6095238095238096,4.0,3.0,5.0,3.0,4.0,19.0
601218.SH,吉鑫科技,SW1电力设备,2025-09-30,3.9305,-77.13,21.71,20.361,14.2792,0.5313351498637602,0.24786324786324787,0.6108108108108108,0.8324324324324325,0.8918918918918919,3.0,2.0,4.0,5.0,5.0,19.0
600983.SH,惠而浦,SW1家用电器,2025-09-30,11.6298,148.72,17.2442,51.2621,20.001,0.8172043010752689,0.9565217391304348,0.3225806451612903,0.946236559139785,0.31182795698924726,5.0,5.0,2.0,5.0,2.0,19.0
600970.SH,中材国际,SW1建筑装饰,2025-09-30,9.5846,1.16,17.1837,60.7308,-1.9065,0.9645390070921985,0.6827586206896552,0.5586206896551724,0.6301369863013698,0.5,5.0,4.0,3.0,4.0,3.0,19.0
600961.SH,株冶集团,SW1有色金属,2025-09-30,19.4605,26.38,12.3379,48.5475,9.9874,0.9629629629629629,0.7364341085271318,0.4444444444444444,0.7037037037037037,0.4814814814814815,5.0,4.0,3.0,4.0,3.0,19.0
002991.SZ,甘源食品,SW1食品饮料,2025-09-30,9.2527,14.32,34.9645,22.4164,14.9946,0.7377049180327869,0.6363636363636364,0.5245901639344263,0.6311475409836066,0.680327868852459,4.0,4.0,3.0,4.0,4.0,19.0
002990.SZ,盛视科技,SW1计算机,2025-09-30,2.5331,-11.77,38.2021,34.6862,10.5055,0.6996996996996997,0.6073619631901841,0.5675675675675675,0.8018018018018018,0.43243243243243246,4.0,4.0,3.0,5.0,3.0,19.0
002985.SZ,北摩高科,SW1国防军工,2025-09-30,4.989,-92.24,48.8486,29.6307,33.6637,0.753731343283582,0.27692307692307694,0.8656716417910447,0.9402985074626866,0.582089552238806,4.0,2.0,5.0,5.0,3.0,19.0
300019.SZ,硅宝科技,SW1基础化工,2025-09-30,8.7514,-23.58,21.5347,34.2748,11.0274,0.8478802992518704,0.44587628865979384,0.6004962779156328,0.6774193548387096,0.5707196029776676,5.0,3.0,4.0,4.0,3.0,19.0
300015.SZ,爱尔眼科,SW1医药生物,2025-09-30,14.4374,2.19,49.2741,33.5258,29.046,0.9491525423728814,0.603448275862069,0.5052854122621564,0.8964059196617337,0.37209302325581395,5.0,4.0,3.0,5.0,2.0,19.0
301016.SZ,雷尔伟,SW1机械设备,2025-09-30,4.3761,23.78,37.8307,13.4448,-2.9041,0.5662878787878788,0.7641325536062378,0.809433962264151,0.26037735849056604,0.9245283018867925,3.0,4.0,5.0,2.0,5.0,19.0
301012.SZ,扬电科技,SW1电力设备,2025-09-30,2.9923,952.46,10.6967,24.8733,10.4572,0.4659400544959128,0.9914529914529915,0.25675675675675674,0.7567567567567568,0.854054054054054,3.0,5.0,2.0,4.0,5.0,19.0
300971.SZ,博亚精工,SW1机械设备,2025-09-30,6.4268,-37.65,42.6928,26.8255,8.2653,0.7121212121212122,0.29434697855750486,0.8886792452830189,0.6075471698113207,0.7132075471698114,4.0,2.0,5.0,4.0,4.0,19.0
300816.SZ,艾可蓝,SW1汽车,2025-09-30,8.5352,308.3,27.7486,60.7708,12.4497,0.7178571428571429,0.9736842105263158,0.8262411347517731,0.6808510638297872,0.19148936170212771,4.0,5.0,5.0,4.0,1.0,19.0
002166.SZ,莱茵生物,SW1基础化工,2025-09-30,2.2706,69.99,25.0013,36.5645,27.2339,0.38154613466334164,0.8711340206185567,0.6898263027295285,0.9354838709677419,0.5161290322580645,2.0,5.0,4.0,5.0,3.0,19.0
002153.SZ,石基信息,SW1计算机,2025-09-30,0.3011,198.76,47.4779,16.4715,-2.0905,0.5075075075075075,0.9294478527607362,0.7117117117117117,0.5675675675675675,0.7717717717717718,3.0,5.0,4.0,3.0,4.0,19.0
002140.SZ,东华科技,SW1建筑装饰,2025-09-30,8.1341,9.52,7.7104,67.6962,7.5448,0.9361702127659575,0.8,0.13793103448275862,0.815068493150685,0.40410958904109584,5.0,5.0,1.0,5.0,3.0,19.0
688021.SH,奥福科技,SW1汽车,2025-09-30,-0.0079,365.5,21.0387,26.2461,21.2692,0.15,0.981203007518797,0.624113475177305,0.9184397163120568,0.7943262411347518,1.0,5.0,4.0,5.0,4.0,19.0
688017.SH,绿的谐波,SW1机械设备,2025-09-30,2.7026,-34.21,36.5979,9.8269,27.1154,0.4053030303030303,0.32748538011695905,0.7754716981132076,0.9358490566037736,0.9754716981132076,3.0,2.0,4.0,5.0,5.0,19.0
301535.SZ,浙江华远,SW1汽车,2025-09-30,7.8494,,28.314,21.6865,18.0403,0.675,,0.8546099290780141,0.8723404255319149,0.8546099290780143,4.0,,5.0,5.0,5.0,19.0
301529.SZ,福赛科技,SW1汽车,2025-09-30,8.1631,17.06,25.6793,39.9922,14.7523,0.6892857142857143,0.6691729323308271,0.7730496453900709,0.7730496453900709,0.5957446808510638,4.0,4.0,4.0,4.0,3.0,19.0
301528.SZ,多浦乐,SW1机械设备,2025-09-30,2.3916,-34.78,69.2609,3.5943,37.4996,0.3712121212121212,0.3255360623781676,0.9962264150943396,0.9735849056603774,0.9981132075471698,2.0,2.0,5.0,5.0,5.0,19.0
301510.SZ,固高科技,SW1机械设备,2025-09-30,3.2064,-4.66,48.3669,12.2685,3.5211,0.45075757575757575,0.5380116959064327,0.9471698113207547,0.4358490566037736,0.9433962264150944,3.0,3.0,5.0,3.0,5.0,19.0
301505.SZ,苏州规划,SW1建筑装饰,2025-09-30,0.8921,-63.37,33.5841,27.936,18.0465,0.3475177304964539,0.2896551724137931,0.8827586206896552,0.910958904109589,0.863013698630137,2.0,2.0,5.0,5.0,5.0,19.0
300450.SZ,先导智能,SW1电力设备,2025-09-30,9.7476,-84.86,32.716,67.4651,36.8607,0.8773841961852861,0.2336182336182336,0.8837837837837837,0.9891891891891892,0.20540540540540542,5.0,2.0,5.0,5.0,2.0,19.0
605389.SH,长龄液压,SW1机械设备,2025-09-30,5.2567,-5.29,28.6358,10.697,14.1814,0.6571969696969697,0.5321637426900585,0.5622641509433962,0.7584905660377359,0.9641509433962264,4.0,3.0,3.0,4.0,5.0,19.0
002116.SZ,中国海诚,SW1建筑装饰,2025-09-30,9.0468,8.06,14.5023,59.6561,-2.4457,0.950354609929078,0.7862068965517242,0.47586206896551725,0.6095890410958904,0.5136986301369864,5.0,4.0,3.0,4.0,3.0,19.0
002236.SZ,大华股份,SW1计算机,2025-09-30,9.523,-60.95,41.6527,25.1595,6.8245,0.933933933933934,0.3619631901840491,0.6276276276276276,0.7327327327327328,0.6156156156156156,5.0,2.0,4.0,4.0,4.0,19.0
002223.SZ,鱼跃医疗,SW1医药生物,2025-09-30,11.2528,-24.08,50.3492,18.2112,22.9721,0.8771186440677966,0.41379310344827586,0.5221987315010571,0.7906976744186046,0.6871035940803383,5.0,3.0,3.0,4.0,4.0,19.0
002215.SZ,诺 普 信,SW1农林牧渔,2025-09-30,14.4307,174.28,35.7574,64.9502,-1.0099,0.9595959595959596,0.9805825242718447,0.9019607843137255,0.23529411764705882,0.21359223300970875,5.0,5.0,5.0,2.0,2.0,19.0
688059.SH,华锐精密,SW1机械设备,2025-09-30,9.9482,-32.26,39.5244,47.9764,23.9612,0.865530303030303,0.33723196881091616,0.839622641509434,0.909433962264151,0.3415094339622642,5.0,2.0,5.0,5.0,2.0,19.0
605180.SH,华生科技,SW1纺织服饰,2025-09-30,2.1456,77.91,25.3939,7.0957,9.9426,0.3942307692307692,0.8942307692307693,0.44761904761904764,0.6476190476190476,0.9714285714285714,2.0,5.0,3.0,4.0,5.0,19.0
601567.SH,三星电气,SW1电力设备,2025-09-30,12.4714,18.35,28.4597,47.5657,4.1337,0.9346049046321526,0.7236467236467237,0.7891891891891892,0.5756756756756757,0.5459459459459459,5.0,4.0,4.0,3.0,3.0,19.0
002950.SZ,奥美医疗,SW1医药生物,2025-09-30,9.733,253.87,29.9513,29.9765,21.2322,0.8453389830508474,0.9633620689655172,0.21987315010570824,0.7568710359408034,0.4334038054968288,5.0,5.0,2.0,4.0,3.0,19.0
003017.SZ,大洋生物,SW1基础化工,2025-09-30,7.4465,27.45,23.6016,37.1301,15.2254,0.7855361596009975,0.75,0.6501240694789082,0.7667493796526055,0.501240694789082,4.0,4.0,4.0,4.0,3.0,19.0
003015.SZ,日久光电,SW1电子,2025-09-30,7.4624,-506.9,32.5832,10.6896,27.1426,0.7789473684210526,0.042505592841163314,0.7073684210526315,0.9073684210526316,0.9052631578947369,4.0,1.0,4.0,5.0,5.0,19.0
003010.SZ,若羽臣,SW1商贸零售,2025-09-30,11.0952,94.58,58.4884,56.5159,-6.689,0.9393939393939394,0.9090909090909091,0.9191919191919192,0.12121212121212122,0.4040404040404041,5.0,5.0,5.0,1.0,3.0,19.0
003002.SZ,壶化股份,SW1基础化工,2025-09-30,10.1182,-33.15,41.479,30.7468,8.4575,0.885286783042394,0.38917525773195877,0.9429280397022333,0.5781637717121588,0.620347394540943,5.0,2.0,5.0,3.0,4.0,19.0
601156.SH,东航物流,SW1交通运输,2025-09-30,10.9468,7.4,19.7293,32.3788,21.7553,0.912,0.6209677419354839,0.528,0.504,0.6719999999999999,5.0,4.0,3.0,3.0,4.0,19.0
300666.SZ,江丰电子,SW1电子,2025-09-30,8.5559,24.15,28.9324,53.4234,11.2451,0.8168421052631579,0.6912751677852349,0.6357894736842106,0.6168421052631579,0.21894736842105267,5.0,4.0,4.0,4.0,2.0,19.0
300660.SZ,江苏雷利,SW1电力设备,2025-09-30,7.744,-9.86,26.228,40.2024,7.7873,0.7983651226158038,0.5299145299145299,0.745945945945946,0.672972972972973,0.6621621621621622,4.0,3.0,4.0,4.0,4.0,19.0
300652.SZ,雷迪克,SW1汽车,2025-09-30,9.4816,-0.18,28.2075,26.3917,7.4614,0.7607142857142857,0.48872180451127817,0.851063829787234,0.4787234042553192,0.7907801418439716,4.0,3.0,5.0,3.0,4.0,19.0
605499.SH,东鹏饮料,SW1食品饮料,2025-09-30,45.6247,63.08,45.1688,63.2415,18.598,0.9918032786885246,0.8925619834710744,0.7459016393442623,0.7459016393442623,0.06557377049180324,5.0,5.0,4.0,4.0,1.0,19.0
605066.SH,天正电气,SW1电力设备,2025-09-30,5.8567,-24.91,24.9222,44.5751,6.167,0.6648501362397821,0.4472934472934473,0.7027027027027027,0.6324324324324324,0.6027027027027028,4.0,3.0,4.0,4.0,4.0,19.0
002206.SZ,海 利 得,SW1基础化工,2025-09-30,10.6035,17.28,19.4858,48.3357,16.4625,0.8977556109725686,0.7061855670103093,0.533498759305211,0.8039702233250621,0.3176178660049628,5.0,4.0,3.0,5.0,2.0,19.0
002192.SZ,融捷股份,SW1有色金属,2025-09-30,4.2248,-40.55,45.8596,21.8036,44.4167,0.31851851851851853,0.29457364341085274,0.9333333333333333,0.9777777777777777,0.9037037037037037,2.0,2.0,5.0,5.0,5.0,19.0
002303.SZ,美盈森,SW1轻工制造,2025-09-30,5.7702,42.08,27.2037,37.3421,7.4069,0.6623376623376623,0.8356164383561644,0.7012987012987013,0.512987012987013,0.5324675324675325,4.0,5.0,4.0,3.0,3.0,19.0
002293.SZ,罗莱生活,SW1纺织服饰,2025-09-30,8.3041,-24.61,47.905,38.5968,16.0434,0.8173076923076923,0.38461538461538464,0.8,0.8476190476190476,0.3904761904761904,5.0,2.0,5.0,5.0,2.0,19.0
002282.SZ,博深股份,SW1机械设备,2025-09-30,4.3361,46.13,27.2478,9.5609,5.3856,0.5587121212121212,0.8654970760233918,0.5037735849056604,0.49433962264150944,0.9811320754716981,3.0,5.0,3.0,3.0,5.0,19.0
605296.SH,神农集团,SW1农林牧渔,2025-09-30,9.1817,-271.15,20.6913,27.0712,10.3626,0.8383838383838383,0.10679611650485436,0.7254901960784313,0.6078431372549019,0.8155339805825242,5.0,1.0,4.0,4.0,5.0,19.0
603949.SH,雪龙集团,SW1汽车,2025-09-30,5.8821,-14.43,35.2744,7.6711,14.4726,0.55,0.39097744360902253,0.9539007092198581,0.7624113475177305,0.9858156028368794,3.0,2.0,5.0,4.0,5.0,19.0
002264.SZ,新 华 都,SW1传媒,2025-09-30,9.2304,29.86,23.4202,41.9538,22.1279,0.8538461538461538,0.8527131782945736,0.36923076923076925,0.8076923076923077,0.3076923076923077,5.0,5.0,2.0,5.0,2.0,19.0
002957.SZ,科瑞技术,SW1机械设备,2025-09-30,8.0817,-18.96,34.8742,45.7393,25.9204,0.8068181818181818,0.42300194931773877,0.7339622641509433,0.9264150943396227,0.38113207547169814,5.0,3.0,4.0,5.0,2.0,19.0
601880.SH,辽港股份,SW1交通运输,2025-09-30,3.243,-10.3,31.1983,22.9329,51.2729,0.288,0.41935483870967744,0.736,0.912,0.8240000000000001,2.0,3.0,4.0,5.0,5.0,19.0
601808.SH,中海油服,SW1石油石化,2025-09-30,7.1501,3.55,18.2018,44.2556,5.6992,0.8085106382978723,0.6595744680851063,0.723404255319149,0.574468085106383,0.5531914893617021,5.0,4.0,4.0,3.0,3.0,19.0
601702.SH,华峰铝业,SW1有色金属,2025-09-30,15.3597,35.44,13.9522,33.6623,2.3963,0.9185185185185185,0.7751937984496124,0.5259259259259259,0.4740740740740741,0.7185185185185186,5.0,4.0,3.0,3.0,4.0,19.0
601689.SH,拓普集团,SW1汽车,2025-09-30,9.1842,39.71,19.2047,44.0535,14.1962,0.7535714285714286,0.8233082706766918,0.5283687943262412,0.7446808510638298,0.524822695035461,4.0,5.0,3.0,4.0,3.0,19.0
601616.SH,广电电气,SW1电力设备,2025-09-30,-0.313,148.88,26.1159,14.9457,3.5054,0.24250681198910082,0.9287749287749287,0.7432432432432432,0.5459459459459459,0.9486486486486486,2.0,5.0,4.0,3.0,5.0,19.0
002395.SZ,双象股份,SW1基础化工,2025-09-30,12.7373,754.84,16.5903,37.137,6.7703,0.9451371571072319,0.9896907216494846,0.45161290322580644,0.5012406947890818,0.49875930521091816,5.0,5.0,3.0,3.0,3.0,19.0
301107.SZ,瑜欣电子,SW1机械设备,2025-09-30,7.8112,-14.33,25.146,23.2585,18.288,0.7954545454545454,0.4580896686159844,0.4358490566037736,0.8415094339622642,0.769811320754717,4.0,3.0,3.0,5.0,4.0,19.0
301106.SZ,骏成科技,SW1电子,2025-09-30,6.2881,34.56,21.4953,21.8185,17.2061,0.7052631578947368,0.7494407158836689,0.42105263157894735,0.7726315789473684,0.728421052631579,4.0,4.0,3.0,4.0,4.0,19.0
301095.SZ,广立微,SW1计算机,2025-09-30,1.1792,-35.01,61.3727,8.8269,-30.9978,0.6096096096096096,0.4785276073619632,0.8588588588588588,0.2072072072072072,0.9039039039039038,4.0,3.0,5.0,2.0,5.0,19.0
301087.SZ,可孚医疗,SW1医药生物,2025-09-30,5.4724,23.52,53.3545,27.3657,24.6056,0.6334745762711864,0.7650862068965517,0.5602536997885835,0.8266384778012685,0.4862579281183932,4.0,4.0,3.0,5.0,3.0,19.0
301190.SZ,善水科技,SW1基础化工,2025-09-30,4.3366,151.51,29.2665,16.1929,-14.8703,0.5461346633416458,0.9432989690721649,0.8014888337468983,0.03722084367245657,0.8411910669975187,3.0,5.0,5.0,1.0,5.0,19.0
301076.SZ,新瀚新材,SW1基础化工,2025-09-30,4.4421,-40.04,27.5218,7.9222,19.372,0.5635910224438903,0.35309278350515466,0.7543424317617866,0.8684863523573201,0.9528535980148883,3.0,2.0,4.0,5.0,5.0,19.0
002356.SZ,鹏飞绿能,SW1商贸零售,2025-09-30,8.7625,-1.08,13.4825,12.246,6.4653,0.898989898989899,0.6565656565656566,0.2222222222222222,0.46464646464646464,0.8787878787878788,5.0,4.0,2.0,3.0,5.0,19.0
002349.SZ,精华制药,SW1医药生物,2025-09-30,6.6686,-10.49,52.6592,11.2822,20.5587,0.711864406779661,0.5,0.547568710359408,0.7441860465116279,0.8456659619450317,4.0,3.0,3.0,4.0,5.0,19.0
002895.SZ,川恒股份,SW1基础化工,2025-09-30,14.2261,21.44,31.8116,36.9332,0.7247,0.9600997506234414,0.7242268041237113,0.8560794044665012,0.24813895781637718,0.5086848635235732,5.0,4.0,5.0,2.0,3.0,19.0
002879.SZ,长缆科技,SW1电力设备,2025-09-30,1.9231,14.16,30.252,27.7599,1.5809,0.3787465940054496,0.698005698005698,0.8243243243243243,0.4648648648648649,0.8216216216216217,2.0,4.0,5.0,3.0,5.0,19.0
300442.SZ,润泽科技,SW1通信,2025-09-30,40.0138,3.47,48.1139,62.5332,69.4964,0.9917355371900827,0.5,0.9008264462809917,0.9917355371900827,0.14876033057851235,5.0,3.0,5.0,5.0,1.0,19.0
301397.SZ,溯联股份,SW1汽车,2025-09-30,5.1861,-18.72,22.1922,25.1591,18.3098,0.4785714285714286,0.35714285714285715,0.6773049645390071,0.875886524822695,0.801418439716312,3.0,2.0,4.0,5.0,5.0,19.0
301283.SZ,聚胶股份,SW1基础化工,2025-09-30,9.0457,-27.81,19.7447,34.2642,47.3481,0.8553615960099751,0.4175257731958763,0.5459057071960298,0.9875930521091811,0.5732009925558312,5.0,3.0,3.0,5.0,3.0,19.0
301376.SZ,致欧科技,SW1轻工制造,2025-09-30,8.1889,-19.21,35.0094,47.0363,34.235,0.7727272727272727,0.4520547945205479,0.8766233766233766,0.9935064935064936,0.33766233766233766,4.0,3.0,5.0,5.0,2.0,19.0
301363.SZ,美好医疗,SW1医药生物,2025-09-30,5.7982,16.11,39.3434,11.4255,18.5834,0.6483050847457628,0.7133620689655172,0.37420718816067655,0.6871035940803383,0.8414376321353065,4.0,4.0,2.0,4.0,5.0,19.0
603919.SH,金徽酒,SW1食品饮料,2025-09-30,9.6311,17.95,64.6494,31.4616,12.2822,0.7622950819672131,0.6942148760330579,0.8688524590163934,0.5491803278688525,0.4918032786885246,4.0,4.0,5.0,3.0,3.0,19.0
603888.SH,新华网,SW1传媒,2025-09-30,5.6722,-14.47,38.3674,25.31,5.0198,0.7153846153846154,0.6434108527131783,0.6538461538461539,0.5461538461538461,0.7076923076923076,4.0,4.0,4.0,3.0,4.0,19.0
603878.SH,武进不锈,SW1钢铁,2025-09-30,3.3148,-64.25,13.4035,37.0597,15.0509,0.5476190476190477,0.23255813953488372,0.7209302325581395,0.8604651162790697,0.813953488372093,3.0,2.0,4.0,5.0,5.0,19.0
603859.SH,能科科技,SW1计算机,2025-09-30,5.5498,-7.01,51.3488,31.956,-1.0652,0.8438438438438438,0.6441717791411042,0.7627627627627628,0.5915915915915916,0.4924924924924925,5.0,4.0,4.0,3.0,3.0,19.0
603823.SH,百合花,SW1基础化工,2025-09-30,5.6586,48.72,21.5334,21.3908,7.7949,0.6683291770573566,0.8376288659793815,0.598014888337469,0.5583126550868487,0.781637717121588,4.0,5.0,3.0,3.0,4.0,19.0
603969.SH,银龙股份,SW1机械设备,2025-09-30,10.6892,37.93,24.2629,40.2027,2.8626,0.8882575757575758,0.8362573099415205,0.4056603773584906,0.41320754716981134,0.47547169811320755,5.0,5.0,3.0,3.0,3.0,19.0
002311.SZ,海大集团,SW1农林牧渔,2025-09-30,16.8481,62.84,11.1326,47.7841,5.2214,0.9696969696969697,0.9029126213592233,0.4411764705882353,0.4117647058823529,0.5436893203883495,5.0,5.0,3.0,3.0,3.0,19.0
603037.SH,凯众股份,SW1汽车,2025-09-30,5.9425,1.83,31.2724,40.3564,19.759,0.5571428571428572,0.5150375939849624,0.9148936170212766,0.8936170212765957,0.5886524822695036,3.0,3.0,5.0,5.0,3.0,19.0
603032.SH,德新科技,SW1电力设备,2025-09-30,3.3246,-234.24,33.9467,24.4434,17.5582,0.49591280653950953,0.11396011396011396,0.8945945945945946,0.8837837837837837,0.8594594594594595,3.0,1.0,5.0,5.0,5.0,19.0
603073.SH,彩蝶实业,SW1基础化工,2025-09-30,4.5961,-6.22,26.0147,19.4206,8.8999,0.5860349127182045,0.5412371134020618,0.71712158808933,0.6029776674937966,0.8089330024813896,3.0,3.0,4.0,4.0,5.0,19.0
603063.SH,禾望电气,SW1电力设备,2025-09-30,7.2287,-9.09,36.8992,44.3658,0.7068,0.7629427792915532,0.5413105413105413,0.9243243243243243,0.42702702702702705,0.6081081081081081,4.0,3.0,5.0,3.0,4.0,19.0
601919.SH,中远海控,SW1交通运输,2025-09-30,11.5953,95.08,21.9753,43.4634,23.8557,0.92,0.9354838709677419,0.552,0.528,0.52,5.0,5.0,3.0,3.0,3.0,19.0
300613.SZ,富瀚微,SW1电子,2025-09-30,2.9277,-8.09,36.0312,24.7642,36.3164,0.4378947368421053,0.5011185682326622,0.791578947368421,0.9642105263157895,0.6842105263157895,3.0,3.0,4.0,5.0,4.0,19.0
300604.SZ,长川科技,SW1电子,2025-09-30,22.7953,669.85,54.4813,51.2349,2.2628,0.9936842105263158,0.9910514541387024,0.9642105263157895,0.32842105263157895,0.24631578947368427,5.0,5.0,5.0,2.0,2.0,19.0
301167.SZ,建研设计,SW1建筑装饰,2025-09-30,1.5358,-73.66,26.0751,28.3001,14.7905,0.41134751773049644,0.2689655172413793,0.7793103448275862,0.8972602739726028,0.8561643835616438,3.0,2.0,4.0,5.0,5.0,19.0
301160.SZ,翔楼新材,SW1机械设备,2025-09-30,8.9293,3.1,24.62,22.6552,6.1555,0.821969696969697,0.6179337231968811,0.4207547169811321,0.5245283018867924,0.7830188679245282,5.0,4.0,3.0,3.0,4.0,19.0
301277.SZ,新天地,SW1医药生物,2025-09-30,5.9979,10.06,35.8578,12.7392,21.6182,0.6610169491525424,0.6530172413793104,0.3150105708245243,0.7695560253699789,0.813953488372093,4.0,4.0,2.0,4.0,5.0,19.0
301148.SZ,嘉戎技术,SW1环保,2025-09-30,3.3658,-17.25,41.1796,20.1787,15.7277,0.5076923076923077,0.37209302325581395,0.8692307692307693,0.6076923076923076,0.8923076923076922,3.0,2.0,5.0,4.0,5.0,19.0
002467.SZ,二六三,SW1通信,2025-09-30,3.9388,-131.65,43.2013,15.3419,16.1652,0.5950413223140496,0.10833333333333334,0.859504132231405,0.8099173553719008,0.859504132231405,3.0,1.0,5.0,5.0,5.0,19.0
603697.SH,有友食品,SW1食品饮料,2025-09-30,9.8351,35.44,27.3314,24.2258,24.868,0.7786885245901639,0.8181818181818182,0.32786885245901637,0.860655737704918,0.5983606557377049,4.0,5.0,2.0,5.0,3.0,19.0
603693.SH,江苏新能,SW1公用事业,2025-09-30,5.7139,-8.91,50.193,53.6876,60.1726,0.5111111111111111,0.4444444444444444,0.8897058823529411,0.8382352941176471,0.5294117647058824,3.0,3.0,5.0,5.0,3.0,19.0
603516.SH,淳中科技,SW1计算机,2025-09-30,-2.0611,413.33,46.3046,8.1937,-10.9369,0.35435435435435436,0.9785276073619632,0.6876876876876877,0.43243243243243246,0.9189189189189189,2.0,5.0,4.0,3.0,5.0,19.0
603173.SH,福斯达,SW1机械设备,2025-09-30,19.5898,36.63,27.3418,67.3702,42.2854,0.9867424242424242,0.8245614035087719,0.5113207547169811,0.9830188679245283,0.09056603773584904,5.0,5.0,3.0,5.0,1.0,19.0
002916.SZ,深南电路,SW1电子,2025-09-30,15.1022,34.42,28.2045,43.6474,13.8125,0.9557894736842105,0.7472035794183445,0.6168421052631579,0.6884210526315789,0.37684210526315787,5.0,4.0,4.0,4.0,2.0,19.0
603041.SH,美思德,SW1基础化工,2025-09-30,3.0213,-46.78,21.5992,15.1603,27.6839,0.4513715710723192,0.32216494845360827,0.6029776674937966,0.9379652605459057,0.8560794044665012,3.0,2.0,4.0,5.0,5.0,19.0
603039.SH,泛微网络,SW1计算机,2025-09-30,4.533,13.58,94.2794,42.9815,1.8315,0.7957957957957958,0.7607361963190185,0.993993993993994,0.6636636636636637,0.3213213213213213,4.0,4.0,5.0,4.0,2.0,19.0
300462.SZ,ST华铭,SW1计算机,2025-09-30,-0.2645,109.54,31.2108,29.317,18.6053,0.47147147147147145,0.8895705521472392,0.43843843843843844,0.8768768768768769,0.5495495495495495,3.0,5.0,3.0,5.0,3.0,19.0
300550.SZ,和仁科技,SW1计算机,2025-09-30,1.162,-4.17,47.3709,22.7251,-6.8492,0.6006006006006006,0.656441717791411,0.7087087087087087,0.4894894894894895,0.6546546546546547,4.0,4.0,4.0,3.0,4.0,19.0
301181.SZ,标榜股份,SW1汽车,2025-09-30,6.3077,-18.35,32.3466,12.2866,14.2895,0.575,0.36466165413533835,0.9290780141843972,0.7553191489361702,0.9680851063829787,3.0,2.0,5.0,4.0,5.0,19.0
300519.SZ,新光药业,SW1医药生物,2025-09-30,5.4672,-21.7,39.1235,7.3268,24.6029,0.6292372881355932,0.42887931034482757,0.3678646934460888,0.8245243128964059,0.9386892177589852,4.0,3.0,2.0,5.0,5.0,19.0
300620.SZ,光库科技,SW1通信,2025-09-30,5.763,21.55,32.4097,41.0282,6.4904,0.7024793388429752,0.6666666666666666,0.6776859504132231,0.628099173553719,0.4380165289256198,4.0,4.0,4.0,4.0,3.0,19.0
603638.SH,艾迪精密,SW1机械设备,2025-09-30,8.9021,23.35,28.5746,44.262,19.4177,0.8200757575757576,0.7621832358674464,0.560377358490566,0.8641509433962264,0.39811320754716983,5.0,4.0,3.0,5.0,2.0,19.0
603617.SH,君禾股份,SW1机械设备,2025-09-30,2.0513,120.62,27.0829,33.8764,22.6908,0.3352272727272727,0.9317738791423001,0.4962264150943396,0.8943396226415095,0.6,2.0,5.0,3.0,5.0,4.0,19.0
603607.SH,京华激光,SW1轻工制造,2025-09-30,7.212,12.15,28.4262,43.2481,13.5327,0.7272727272727273,0.6917808219178082,0.7142857142857143,0.7402597402597403,0.4025974025974026,4.0,4.0,4.0,4.0,3.0,19.0
603758.SH,秦安股份,SW1汽车,2025-09-30,5.336,-33.7,21.8568,11.2204,21.4639,0.48928571428571427,0.24812030075187969,0.6560283687943262,0.925531914893617,0.9716312056737588,3.0,2.0,4.0,5.0,5.0,19.0
603387.SH,基蛋生物,SW1医药生物,2025-09-30,6.0468,-19.08,68.9265,26.9826,31.0539,0.6652542372881356,0.44612068965517243,0.7801268498942917,0.9217758985200846,0.4968287526427061,4.0,3.0,4.0,5.0,3.0,19.0
603380.SH,易德龙,SW1电子,2025-09-30,11.5951,36.03,26.6391,33.6399,16.0063,0.9136842105263158,0.7583892617449665,0.5705263157894737,0.7452631578947368,0.5263157894736843,5.0,4.0,3.0,4.0,3.0,19.0
603586.SH,金麒麟,SW1汽车,2025-09-30,5.8036,-30.81,22.8052,13.8434,15.6523,0.5392857142857143,0.2631578947368421,0.6914893617021277,0.8085106382978723,0.9539007092198581,3.0,2.0,4.0,5.0,5.0,19.0
603558.SH,健盛集团,SW1纺织服饰,2025-09-30,12.6119,20.15,29.5466,39.5174,20.5667,0.9230769230769231,0.7980769230769231,0.4857142857142857,0.9523809523809523,0.36190476190476195,5.0,4.0,3.0,5.0,2.0,19.0
002414.SZ,高德红外,SW1国防军工,2025-09-30,8.7822,-750.14,57.9109,34.2309,46.078,0.9552238805970149,0.03076923076923077,0.9328358208955224,0.9701492537313433,0.4701492537313433,5.0,1.0,5.0,5.0,3.0,19.0
002543.SZ,万和电气,SW1家用电器,2025-09-30,9.7662,15.73,29.5505,39.8966,10.0024,0.7741935483870968,0.717391304347826,0.6989247311827957,0.7526881720430108,0.5591397849462365,4.0,4.0,4.0,4.0,3.0,19.0
002536.SZ,飞龙股份,SW1汽车,2025-09-30,8.4418,35.67,25.7727,39.8755,12.3519,0.7035714285714286,0.7894736842105263,0.7801418439716312,0.6773049645390071,0.5992907801418439,4.0,4.0,4.0,4.0,3.0,19.0
603500.SH,祥和实业,SW1机械设备,2025-09-30,10.9752,-1.15,33.6456,30.3473,7.7764,0.9015151515151515,0.5604288499025342,0.7,0.5924528301886792,0.6622641509433962,5.0,3.0,4.0,3.0,4.0,19.0
603489.SH,八方股份,SW1电力设备,2025-09-30,2.5061,-50.06,21.7513,15.9014,12.7991,0.42779291553133514,0.3418803418803419,0.6135135135135135,0.8162162162162162,0.9351351351351351,3.0,2.0,4.0,5.0,5.0,19.0
603153.SH,上海建科,SW1建筑装饰,2025-09-30,2.7222,4.3,29.3724,30.7105,-13.9862,0.524822695035461,0.7241379310344828,0.8344827586206897,0.2671232876712329,0.8424657534246576,3.0,4.0,5.0,2.0,5.0,19.0
603105.SH,芯能科技,SW1公用事业,2025-09-30,8.3361,-12.07,60.1747,50.9822,50.3488,0.7703703703703704,0.4222222222222222,0.9779411764705882,0.7794117647058824,0.5955882352941176,4.0,3.0,5.0,4.0,3.0,19.0
603090.SH,宏盛股份,SW1机械设备,2025-09-30,10.8055,-10.65,25.5033,30.8494,13.9868,0.8939393939393939,0.49122807017543857,0.45660377358490567,0.7528301886792453,0.6603773584905661,5.0,3.0,3.0,4.0,4.0,19.0
603187.SH,海容冷链,SW1机械设备,2025-09-30,7.1907,-14.43,27.3419,25.815,22.2322,0.7575757575757576,0.45614035087719296,0.5132075471698113,0.8905660377358491,0.730188679245283,4.0,3.0,3.0,5.0,4.0,19.0
603182.SH,嘉华股份,SW1农林牧渔,2025-09-30,7.5725,-0.91,14.4309,16.2543,9.1972,0.7878787878787878,0.7669902912621359,0.5784313725490197,0.5490196078431373,0.9029126213592233,4.0,4.0,3.0,3.0,5.0,19.0
002516.SZ,旷达科技,SW1汽车,2025-09-30,3.6568,-5.72,24.6918,18.217,16.8935,0.3535714285714286,0.4548872180451128,0.74822695035461,0.8439716312056738,0.8971631205673759,2.0,3.0,4.0,5.0,5.0,19.0
002508.SZ,老板电器,SW1家用电器,2025-09-30,10.2455,-9.28,51.7983,31.3996,9.9729,0.7956989247311828,0.358695652173913,0.967741935483871,0.7419354838709677,0.7096774193548387,4.0,2.0,5.0,4.0,4.0,19.0
002484.SZ,江海股份,SW1电子,2025-09-30,8.9182,-7.05,24.5038,29.2887,15.5602,0.8315789473684211,0.5055928411633109,0.5157894736842106,0.7347368421052631,0.6,5.0,3.0,3.0,4.0,4.0,19.0
603408.SH,建霖家居,SW1轻工制造,2025-09-30,10.3825,13.3,26.1966,37.5496,9.8143,0.8701298701298701,0.7123287671232876,0.6363636363636364,0.5844155844155844,0.525974025974026,5.0,4.0,4.0,3.0,3.0,19.0
300410.SZ,正业科技,SW1电力设备,2025-09-30,10.0715,9.22,32.3508,84.1585,7.4588,0.8937329700272479,0.6438746438746439,0.8729729729729729,0.6621621621621622,0.048648648648648596,5.0,4.0,5.0,4.0,1.0,19.0
002630.SZ,*ST华西,SW1电力设备,2025-09-30,16.8999,77.29,23.9355,95.8801,5.2062,0.9754768392370572,0.8689458689458689,0.6783783783783783,0.6027027027027027,0.008108108108108136,5.0,5.0,4.0,4.0,1.0,19.0
002787.SZ,华源控股,SW1轻工制造,2025-09-30,4.6197,742.72,15.3527,30.7008,22.0679,0.5974025974025974,0.9931506849315068,0.2792207792207792,0.9090909090909091,0.6298701298701299,3.0,5.0,2.0,5.0,4.0,19.0
002783.SZ,凯龙股份,SW1基础化工,2025-09-30,5.2419,3.88,30.8946,55.4401,10.8086,0.6334164588528678,0.6056701030927835,0.8362282878411911,0.6699751861042184,0.21339950372208438,4.0,4.0,5.0,4.0,2.0,19.0
002734.SZ,利民股份,SW1基础化工,2025-09-30,12.4459,47.13,26.2196,45.3417,5.3078,0.940149625935162,0.8350515463917526,0.7270471464019851,0.4441687344913151,0.35980148883374685,5.0,5.0,4.0,3.0,2.0,19.0
002706.SZ,良信股份,SW1电力设备,2025-09-30,7.5601,-38.93,30.4386,31.4939,9.7841,0.7874659400544959,0.3903133903133903,0.827027027027027,0.7405405405405405,0.7891891891891891,4.0,2.0,5.0,4.0,4.0,19.0
603162.SH,海通发展,SW1交通运输,2025-09-30,5.9799,196.7,13.8518,36.0168,26.3003,0.608,0.9516129032258065,0.408,0.568,0.624,4.0,5.0,3.0,3.0,4.0,19.0
300509.SZ,新美星,SW1机械设备,2025-09-30,13.2284,40.43,27.3479,74.8971,20.3373,0.9431818181818182,0.8440545808966862,0.5169811320754717,0.8735849056603774,0.05283018867924527,5.0,5.0,3.0,5.0,1.0,19.0
300496.SZ,中科创达,SW1计算机,2025-09-30,2.3082,1.99,31.7227,21.0634,7.7927,0.6876876876876877,0.6932515337423313,0.45045045045045046,0.7567567567567568,0.6846846846846847,4.0,4.0,3.0,4.0,4.0,19.0
002653.SZ,海思科,SW1医药生物,2025-09-30,6.9973,57.73,73.8997,41.4288,11.7921,0.7372881355932204,0.8706896551724138,0.8350951374207188,0.492600422832981,0.2558139534883721,4.0,5.0,5.0,3.0,2.0,19.0
002648.SZ,卫星化学,SW1基础化工,2025-09-30,12.0496,26.72,20.7066,54.0157,19.0425,0.9301745635910225,0.7448453608247423,0.5781637717121588,0.8610421836228288,0.22580645161290325,5.0,4.0,3.0,5.0,2.0,19.0
002643.SZ,万润股份,SW1电子,2025-09-30,4.3023,-56.53,39.196,26.2804,34.7331,0.5515789473684211,0.25727069351230425,0.84,0.9557894736842105,0.6568421052631579,3.0,2.0,5.0,5.0,4.0,19.0
603307.SH,扬州金泉,SW1纺织服饰,2025-09-30,6.1988,-34.1,23.7943,14.9621,21.2092,0.6826923076923077,0.3269230769230769,0.4095238095238095,0.9619047619047619,0.8761904761904762,4.0,2.0,3.0,5.0,5.0,19.0
603299.SH,苏盐井神,SW1基础化工,2025-09-30,6.7151,5.54,35.0537,38.4744,5.2587,0.7406483790523691,0.6108247422680413,0.890818858560794,0.4392059553349876,0.4764267990074442,4.0,4.0,5.0,3.0,3.0,19.0
603218.SH,日月股份,SW1电力设备,2025-09-30,4.2693,28.67,16.3215,27.629,11.5428,0.5667574931880109,0.7720797720797721,0.44054054054054054,0.7837837837837838,0.827027027027027,3.0,4.0,3.0,4.0,5.0,19.0
603202.SH,天有为,SW1汽车,2025-09-30,16.4122,,36.3164,27.5779,33.8288,0.9535714285714286,,0.9609929078014184,0.9893617021276596,0.7695035460992907,5.0,,5.0,5.0,4.0,19.0
301339.SZ,苏交数智,SW1计算机,2025-09-30,6.1183,9.44,50.0673,51.1174,38.9753,0.8558558558558559,0.7331288343558282,0.7417417417417418,0.9819819819819819,0.19519519519519524,5.0,4.0,4.0,5.0,1.0,19.0
301328.SZ,维峰电子,SW1电子,2025-09-30,4.239,-32.72,39.8376,10.8662,12.7979,0.5452631578947369,0.3512304250559284,0.8526315789473684,0.6505263157894737,0.9031578947368422,3.0,2.0,5.0,4.0,5.0,19.0
301202.SZ,朗威股份,SW1通信,2025-09-30,4.6446,47.31,18.2815,34.8612,20.1366,0.6446280991735537,0.775,0.34710743801652894,0.8677685950413223,0.6033057851239669,4.0,4.0,2.0,5.0,4.0,19.0
603200.SH,上海洗霸,SW1环保,2025-09-30,11.6762,-7.65,33.4888,35.9332,11.4362,0.9692307692307692,0.4418604651162791,0.676923076923077,0.5076923076923077,0.7846153846153846,5.0,3.0,4.0,3.0,4.0,19.0
603192.SH,汇得科技,SW1基础化工,2025-09-30,4.8402,95.0,14.8639,29.9729,9.9089,0.6034912718204489,0.9097938144329897,0.3970223325062035,0.6377171215880894,0.6327543424317618,4.0,5.0,2.0,4.0,4.0,19.0
603259.SH,药明康德,SW1医药生物,2025-09-30,18.6378,-1.37,46.6225,24.4526,34.7352,0.9766949152542372,0.5646551724137931,0.4608879492600423,0.9556025369978859,0.5496828752642706,5.0,3.0,3.0,5.0,3.0,19.0
603256.SH,宏和科技,SW1建筑材料,2025-09-30,9.1396,-136.14,32.6208,44.3227,20.5572,0.9154929577464789,0.19718309859154928,0.971830985915493,0.8873239436619719,0.47887323943661975,5.0,1.0,5.0,5.0,3.0,19.0
603230.SH,内蒙新华,SW1传媒,2025-09-30,7.2648,7.44,40.4739,40.6513,13.4409,0.7692307692307693,0.8062015503875969,0.6923076923076923,0.7,0.3153846153846154,4.0,5.0,4.0,4.0,2.0,19.0
603369.SH,今世缘,SW1食品饮料,2025-09-30,15.9507,8.8,73.7622,32.56,10.2102,0.9098360655737705,0.5950413223140496,0.9508196721311475,0.47540983606557374,0.4590163934426229,5.0,3.0,5.0,3.0,3.0,19.0
603359.SH,*ST东珠,SW1建筑装饰,2025-09-30,-1.1368,95.08,20.582,58.929,73.9959,0.2765957446808511,0.9379310344827586,0.6482758620689655,0.9794520547945206,0.5273972602739726,2.0,5.0,4.0,5.0,3.0,19.0
603229.SH,奥翔药业,SW1医药生物,2025-09-30,8.964,-18.55,56.9259,23.2997,22.8567,0.8305084745762712,0.4504310344827586,0.6088794926004228,0.7885835095137421,0.5771670190274841,5.0,3.0,4.0,4.0,3.0,19.0
000333.SZ,美的集团,SW1家用电器,2025-09-30,17.3257,14.85,25.874,60.5423,15.6467,0.946236559139785,0.6956521739130435,0.5913978494623656,0.9032258064516129,0.23655913978494625,5.0,4.0,3.0,5.0,2.0,19.0
000029.SZ,深深房Ａ,SW1房地产,2025-09-30,4.0448,-15.65,27.1348,31.9431,-10.2358,0.8202247191011236,0.5789473684210527,0.7263157894736842,0.22105263157894736,0.8736842105263158,5.0,3.0,4.0,2.0,5.0,19.0
688739.SH,成大生物,SW1医药生物,2025-09-30,1.7395,-26.42,79.6303,4.2394,15.6054,0.3474576271186441,0.40301724137931033,0.9027484143763214,0.6088794926004228,0.9894291754756871,2.0,3.0,5.0,4.0,5.0,19.0
688698.SH,伟创电气,SW1机械设备,2025-09-30,10.1924,28.19,37.7499,35.4989,-3.0045,0.8712121212121212,0.7914230019493177,0.8056603773584906,0.25849056603773585,0.5754716981132075,5.0,4.0,5.0,2.0,3.0,19.0
000863.SZ,三湘印象,SW1房地产,2025-09-30,0.1641,-7.4,42.1667,31.2504,-8.7151,0.4943820224719101,0.631578947368421,0.9263157894736842,0.2631578947368421,0.8842105263157894,3.0,4.0,5.0,2.0,5.0,19.0
688468.SH,科美诊断,SW1医药生物,2025-09-30,2.9427,-13.77,68.0204,20.498,27.2902,0.4300847457627119,0.4827586206896552,0.7695560253699789,0.86892177589852,0.627906976744186,3.0,3.0,4.0,5.0,4.0,19.0
688576.SH,西山科技,SW1医药生物,2025-09-30,2.4916,-15.92,64.2727,8.1072,22.1673,0.4110169491525424,0.46551724137931033,0.7061310782241015,0.7780126849894292,0.9260042283298098,3.0,3.0,4.0,4.0,5.0,19.0
300817.SZ,双飞集团,SW1机械设备,2025-09-30,4.4852,23.24,24.6722,18.6693,10.877,0.5700757575757576,0.7602339181286549,0.42452830188679247,0.6679245283018868,0.8509433962264151,3.0,4.0,3.0,4.0,5.0,19.0
300905.SZ,宝丽迪,SW1基础化工,2025-09-30,5.5876,13.54,21.1401,12.7094,7.7847,0.6658354114713217,0.6752577319587629,0.5856079404466501,0.5508684863523573,0.8957816377171216,4.0,4.0,3.0,3.0,5.0,19.0
300893.SZ,松原安全,SW1汽车,2025-09-30,16.0526,31.65,28.7714,47.4005,5.7236,0.95,0.7669172932330827,0.8652482269503546,0.3900709219858156,0.43262411347517726,5.0,4.0,5.0,2.0,3.0,19.0
000608.SZ,阳光股份,SW1房地产,2025-12-31,-9.9474,61.74,29.642,42.8548,48.2653,0.12359550561797752,0.8631578947368421,0.7789473684210526,0.9263157894736842,0.7894736842105263,1.0,5.0,4.0,5.0,4.0,19.0
688588.SH,凌志软件,SW1计算机,2025-09-30,7.788,43.69,26.8612,29.5407,7.4724,0.8948948948948949,0.8343558282208589,0.3483483483483483,0.7417417417417418,0.5405405405405406,5.0,5.0,2.0,4.0,3.0,19.0
688583.SH,思看科技,SW1机械设备,2025-09-30,8.8855,,74.8607,9.5723,15.2156,0.8181818181818182,,1.0,0.7830188679245284,0.9792452830188679,5.0,,5.0,4.0,5.0,19.0
688772.SH,珠海冠宇,SW1电力设备,2025-09-30,5.2751,45.94,24.055,68.846,16.8177,0.6321525885558583,0.8176638176638177,0.6810810810810811,0.8756756756756757,0.17297297297297298,4.0,5.0,4.0,5.0,1.0,19.0
688630.SH,芯碁微装,SW1机械设备,2025-09-30,9.2988,-10.38,42.093,27.8168,-3.8263,0.8352272727272727,0.4951267056530214,0.8754716981132076,0.23962264150943396,0.6962264150943396,5.0,3.0,5.0,2.0,4.0,19.0
000651.SZ,格力电器,SW1家用电器,2025-09-30,15.2294,16.78,28.4386,62.7997,33.2199,0.9247311827956989,0.7282608695652174,0.6774193548387096,0.989247311827957,0.16129032258064513,5.0,4.0,4.0,5.0,1.0,19.0
000650.SZ,仁和药业,SW1医药生物,2025-09-30,6.0538,-9.98,36.4259,13.0835,29.6629,0.6673728813559322,0.5043103448275862,0.32558139534883723,0.9006342494714588,0.8076109936575053,4.0,3.0,2.0,5.0,5.0,19.0
688667.SH,菱电电控,SW1汽车,2025-09-30,4.4758,-67.55,22.8454,18.3466,19.5754,0.4035714285714286,0.17669172932330826,0.6985815602836879,0.8900709219858156,0.8936170212765957,3.0,1.0,4.0,5.0,5.0,18.0
688633.SH,星球石墨,SW1机械设备,2025-09-30,4.9837,0.09,34.8215,45.5107,31.8995,0.6287878787878788,0.5789473684210527,0.730188679245283,0.960377358490566,0.3849056603773585,4.0,3.0,4.0,5.0,2.0,18.0
688636.SH,智明达,SW1国防军工,2025-09-30,7.2047,-79.79,47.9777,35.7906,-5.7439,0.9029850746268657,0.3230769230769231,0.8507462686567164,0.5373134328358209,0.4402985074626866,5.0,2.0,5.0,3.0,3.0,18.0
688656.SH,浩欧博,SW1医药生物,2025-09-30,3.1915,-22.24,59.1658,14.1116,19.7372,0.4470338983050847,0.4224137931034483,0.6321353065539113,0.7167019027484144,0.7885835095137421,3.0,3.0,4.0,4.0,4.0,18.0
600106.SH,重庆路桥,SW1交通运输,2025-09-30,3.8806,-25.55,91.9845,24.7491,116.8178,0.376,0.25,1.0,0.992,0.76,2.0,2.0,5.0,5.0,4.0,18.0
600084.SH,*ST尼雅,SW1食品饮料,2025-09-30,0.0116,161.6,58.3601,12.4154,-0.4646,0.19672131147540983,0.9421487603305785,0.8442622950819673,0.23770491803278687,0.8934426229508197,1.0,5.0,5.0,2.0,5.0,18.0
300818.SZ,耐普矿机,SW1机械设备,2025-09-30,3.6864,43.02,41.7038,41.1209,-5.8669,0.4962121212121212,0.8576998050682261,0.8679245283018868,0.20754716981132076,0.46226415094339623,3.0,5.0,5.0,2.0,3.0,18.0
000591.SZ,太阳能,SW1公用事业,2025-09-30,4.7073,-22.29,51.6952,53.763,75.0473,0.4,0.2962962962962963,0.9044117647058824,0.9338235294117647,0.5220588235294117,3.0,2.0,5.0,5.0,3.0,18.0
000582.SZ,北部湾港,SW1交通运输,2025-09-30,4.3137,8.14,31.3103,43.7535,40.247,0.432,0.6370967741935484,0.744,0.792,0.504,3.0,4.0,4.0,4.0,3.0,18.0
688502.SH,茂莱光学,SW1电子,2025-09-30,3.8472,-23.98,47.7527,23.2792,6.8426,0.5178947368421053,0.4116331096196868,0.9178947368421052,0.4905263157894737,0.7157894736842105,3.0,3.0,5.0,3.0,4.0,18.0
688489.SH,三未信安,SW1计算机,2025-09-30,-2.1296,-34.11,72.2173,8.8867,-8.1634,0.34534534534534533,0.4815950920245399,0.918918918918919,0.46846846846846846,0.9009009009009009,2.0,3.0,5.0,3.0,5.0,18.0
688484.SH,南芯科技,SW1电子,2025-09-30,4.7721,17.37,36.976,15.5457,-3.9524,0.5873684210526315,0.6465324384787472,0.8,0.1957894736842105,0.8273684210526315,3.0,4.0,5.0,1.0,5.0,18.0
000700.SZ,模塑科技,SW1汽车,2025-09-30,9.9973,37.49,19.5745,45.7029,9.2259,0.7964285714285714,0.8045112781954887,0.5709219858156028,0.5709219858156028,0.4716312056737588,4.0,5.0,3.0,3.0,3.0,18.0
000897.SZ,津滨发展,SW1房地产,2025-09-30,0.5795,-6.67,34.2786,29.3054,-215.4948,0.5617977528089888,0.6421052631578947,0.8315789473684211,0.010526315789473684,0.9157894736842105,3.0,4.0,5.0,1.0,5.0,18.0
000883.SZ,湖北能源,SW1公用事业,2025-09-30,6.8171,18.1,26.0967,56.2689,37.7665,0.6370370370370371,0.7777777777777778,0.5882352941176471,0.6838235294117647,0.44852941176470584,4.0,4.0,3.0,4.0,3.0,18.0
600173.SH,卧龙新能,SW1房地产,2025-09-30,1.8187,-73.36,16.9137,44.7422,37.4935,0.6853932584269663,0.35789473684210527,0.49473684210526314,0.8842105263157894,0.7263157894736842,4.0,2.0,3.0,5.0,4.0,18.0
600323.SH,瀚蓝环境,SW1环保,2025-09-30,11.6236,14.59,35.1001,71.0639,27.3375,0.9615384615384616,0.689922480620155,0.7307692307692307,0.7923076923076923,0.09999999999999998,5.0,4.0,4.0,4.0,1.0,18.0
600273.SH,嘉化能源,SW1基础化工,2025-09-30,8.1514,-14.79,15.4153,25.9105,7.1641,0.8254364089775561,0.4948453608247423,0.41687344913151364,0.5235732009925558,0.7196029776674938,5.0,3.0,3.0,3.0,4.0,18.0
600261.SH,阳光照明,SW1家用电器,2025-09-30,3.6837,-5.28,34.9825,30.6967,5.0749,0.40860215053763443,0.41304347826086957,0.8279569892473119,0.4838709677419355,0.7419354838709677,3.0,3.0,5.0,3.0,4.0,18.0
600258.SH,首旅酒店,SW1社会服务,2025-09-30,6.3558,1.14,40.7018,51.11,45.4989,0.6538461538461539,0.6282051282051282,0.5625,0.9,0.3125,4.0,4.0,3.0,5.0,2.0,18.0
002651.SZ,利君股份,SW1国防军工,2025-09-30,3.1216,-2.28,40.4251,19.4825,-13.1947,0.6268656716417911,0.6461538461538462,0.7238805970149254,0.3880597014925373,0.7537313432835822,4.0,4.0,4.0,2.0,4.0,18.0
002763.SZ,汇洁股份,SW1纺织服饰,2025-09-30,6.4291,-51.37,68.525,23.8456,4.3967,0.7115384615384616,0.2692307692307692,0.9714285714285714,0.4666666666666667,0.7047619047619047,4.0,2.0,5.0,3.0,4.0,18.0
603207.SH,小方制药,SW1医药生物,2025-09-30,14.8487,,66.7376,19.3888,33.7186,0.9576271186440678,,0.7547568710359408,0.9471458773784355,0.6448202959830867,5.0,,4.0,5.0,4.0,18.0
301353.SZ,普莱得,SW1机械设备,2025-09-30,4.8083,-25.2,27.3414,15.3395,14.6765,0.6041666666666666,0.3820662768031189,0.5094339622641509,0.769811320754717,0.9056603773584906,4.0,2.0,3.0,4.0,5.0,18.0
301323.SZ,新莱福,SW1有色金属,2025-09-30,4.9112,4.42,35.4871,6.4941,5.4203,0.37777777777777777,0.5193798449612403,0.8814814814814815,0.5851851851851851,0.9851851851851852,2.0,3.0,5.0,3.0,5.0,18.0
301322.SZ,绿通科技,SW1汽车,2025-09-30,2.4698,-45.98,25.4096,24.2292,20.5097,0.3,0.21052631578947367,0.7659574468085106,0.9113475177304965,0.8156028368794326,2.0,2.0,4.0,5.0,5.0,18.0
301501.SZ,恒鑫生活,SW1轻工制造,2025-09-30,11.8873,,24.39,22.8058,17.8091,0.935064935064935,,0.564935064935065,0.8506493506493507,0.8051948051948052,5.0,,3.0,5.0,5.0,18.0
301486.SZ,致尚科技,SW1电子,2025-09-30,6.4033,52.78,26.8387,14.3148,-7.3924,0.7136842105263158,0.8076062639821029,0.5831578947368421,0.14736842105263157,0.84,4.0,5.0,3.0,1.0,5.0,18.0
301459.SZ,丰茂股份,SW1基础化工,2025-09-30,6.9469,17.03,26.2559,31.1549,4.2253,0.7556109725685786,0.7010309278350515,0.7295285359801489,0.37965260545905705,0.6129032258064516,4.0,4.0,4.0,2.0,4.0,18.0
301206.SZ,三元生物,SW1基础化工,2025-09-30,1.5307,87.47,16.153,3.7255,5.2728,0.32169576059850374,0.8917525773195877,0.43424317617866004,0.44168734491315137,0.9950372208436724,2.0,5.0,3.0,3.0,5.0,18.0
301301.SZ,川宁生物,SW1医药生物,2025-09-30,7.7276,48.88,32.8001,23.0309,16.6165,0.788135593220339,0.8599137931034483,0.2642706131078224,0.6363636363636364,0.5856236786469344,4.0,5.0,2.0,4.0,3.0,18.0
301298.SZ,东利机械,SW1汽车,2025-09-30,6.2051,-26.99,29.7794,26.8984,13.3539,0.5642857142857143,0.2951127819548872,0.8794326241134752,0.723404255319149,0.7801418439716312,3.0,2.0,5.0,4.0,4.0,18.0
603201.SH,常润股份,SW1汽车,2025-09-30,9.7055,15.91,21.7446,43.2639,7.0368,0.7785714285714286,0.6466165413533834,0.6524822695035462,0.4574468085106383,0.549645390070922,4.0,4.0,4.0,3.0,3.0,18.0
002755.SZ,奥赛康,SW1医药生物,2025-09-30,7.1261,-161.92,79.7974,26.2531,41.9715,0.7457627118644068,0.09482758620689655,0.904862579281184,0.985200845665962,0.5137420718816068,4.0,1.0,5.0,5.0,3.0,18.0
603285.SH,键邦股份,SW1基础化工,2025-09-30,6.5223,,29.0591,7.8093,32.5933,0.7306733167082294,,0.7915632754342432,0.9528535980148883,0.9553349875930521,4.0,,4.0,5.0,5.0,18.0
603282.SH,亚光股份,SW1环保,2025-09-30,7.6872,-37.52,28.1963,45.5445,18.9556,0.8538461538461538,0.26356589147286824,0.5384615384615384,0.7153846153846154,0.6307692307692307,5.0,2.0,3.0,4.0,4.0,18.0
002624.SZ,完美世界,SW1传媒,2025-09-30,9.6207,-340.32,59.2767,36.0378,16.4102,0.8615384615384616,0.10077519379844961,0.8769230769230769,0.7384615384615385,0.4461538461538461,5.0,1.0,5.0,4.0,3.0,18.0
002612.SZ,朗姿股份,SW1纺织服饰,2025-09-30,31.4946,1.65,59.3461,52.946,8.3004,1.0,0.6442307692307693,0.8761904761904762,0.5619047619047619,0.18095238095238098,5.0,4.0,5.0,3.0,1.0,18.0
002790.SZ,瑞尔特,SW1轻工制造,2025-09-30,2.9059,-16.53,26.0672,16.0974,10.0169,0.474025974025974,0.4726027397260274,0.6233766233766234,0.5909090909090909,0.9025974025974026,3.0,3.0,4.0,3.0,5.0,18.0
603171.SH,税友股份,SW1计算机,2025-09-30,4.4016,36.81,59.185,37.9799,-17.2762,0.7927927927927928,0.8282208588957055,0.8378378378378378,0.33933933933933935,0.39639639639639634,4.0,5.0,5.0,2.0,2.0,18.0
603163.SH,圣晖集成,SW1建筑装饰,2025-09-30,8.6034,-16.39,9.4107,49.7142,5.7077,0.9432624113475178,0.4896551724137931,0.22758620689655173,0.7671232876712328,0.678082191780822,5.0,3.0,2.0,4.0,4.0,18.0
002705.SZ,新宝股份,SW1家用电器,2025-09-30,10.0439,6.58,21.3298,44.4251,8.4429,0.7849462365591398,0.6304347826086957,0.4838709677419355,0.6881720430107527,0.4623655913978495,4.0,4.0,3.0,4.0,3.0,18.0
002703.SZ,浙江世宝,SW1汽车,2025-09-30,7.5091,98.93,17.7814,43.7056,7.7979,0.6464285714285715,0.9323308270676691,0.475177304964539,0.4929078014184397,0.5390070921985816,4.0,5.0,3.0,3.0,3.0,18.0
002852.SZ,道道全,SW1农林牧渔,2025-09-30,9.9539,113.04,10.0086,49.0531,9.1759,0.8686868686868687,0.970873786407767,0.37254901960784315,0.5392156862745098,0.49514563106796117,5.0,5.0,2.0,3.0,3.0,18.0
002831.SZ,裕同科技,SW1轻工制造,2025-09-30,10.2705,-2.91,25.0124,47.5854,17.1768,0.8636363636363636,0.589041095890411,0.5844155844155844,0.8311688311688312,0.3311688311688312,5.0,3.0,3.0,5.0,2.0,18.0
300409.SZ,道氏技术,SW1电力设备,2025-09-30,5.6219,-789.82,21.253,38.5703,13.9299,0.6539509536784741,0.04843304843304843,0.6,0.827027027027027,0.7135135135135136,4.0,1.0,4.0,5.0,4.0,18.0
300407.SZ,凯发电气,SW1电力设备,2025-09-30,3.7165,-9.97,23.2218,43.3635,7.9312,0.5177111716621253,0.5270655270655271,0.6567567567567567,0.6783783783783783,0.6216216216216216,3.0,3.0,4.0,4.0,4.0,18.0
300499.SZ,高澜股份,SW1机械设备,2025-09-30,2.5027,61.54,27.7961,34.3368,19.3397,0.38636363636363635,0.8888888888888888,0.5283018867924528,0.8622641509433963,0.5886792452830188,2.0,5.0,3.0,5.0,3.0,18.0
300484.SZ,蓝海华腾,SW1机械设备,2025-09-30,7.0754,11.41,37.2542,28.9334,1.5971,0.75,0.7017543859649122,0.7924528301886793,0.38301886792452833,0.6849056603773584,4.0,4.0,4.0,2.0,4.0,18.0
301252.SZ,同星科技,SW1家用电器,2025-09-30,7.0432,6.19,19.6693,25.736,3.4809,0.6129032258064516,0.6195652173913043,0.44086021505376344,0.3870967741935484,0.8172043010752688,4.0,4.0,3.0,2.0,5.0,18.0
301221.SZ,光庭信息,SW1汽车,2025-09-30,2.2589,-283.48,38.3873,7.2468,23.3617,0.2857142857142857,0.03759398496240601,0.9822695035460993,0.9432624113475178,0.9893617021276596,2.0,1.0,5.0,5.0,5.0,18.0
300467.SZ,迅游科技,SW1传媒,2025-09-30,2.8029,-68.73,57.7931,20.1519,3.7124,0.5846153846153846,0.2558139534883721,0.8538461538461538,0.5076923076923077,0.8076923076923077,3.0,2.0,5.0,3.0,5.0,18.0
603096.SH,新经典,SW1传媒,2025-09-30,3.5916,-20.65,49.769,4.713,-20.896,0.6307692307692307,0.5813953488372093,0.8076923076923077,0.09230769230769231,0.9923076923076923,4.0,3.0,5.0,1.0,5.0,18.0
603091.SH,众鑫股份,SW1轻工制造,2025-09-30,9.6085,,32.3991,24.3113,30.415,0.8571428571428571,,0.7792207792207793,0.9675324675324676,0.7857142857142857,5.0,,4.0,5.0,4.0,18.0
603089.SH,正裕工业,SW1汽车,2025-09-30,9.6722,50.25,22.8178,55.2591,6.7582,0.7714285714285715,0.8571428571428571,0.6950354609929078,0.4432624113475177,0.26595744680851063,4.0,5.0,4.0,3.0,2.0,18.0
603176.SH,汇通集团,SW1建筑装饰,2025-09-30,-2.5683,24.71,20.7527,78.6458,9.4145,0.2198581560283688,0.8482758620689655,0.6551724137931034,0.8561643835616438,0.2534246575342466,2.0,5.0,4.0,5.0,2.0,18.0
603416.SH,信捷电气,SW1机械设备,2025-09-30,7.3058,14.78,37.2233,27.2733,-0.4604,0.7689393939393939,0.732943469785575,0.7905660377358491,0.3339622641509434,0.7075471698113207,4.0,4.0,4.0,2.0,4.0,18.0
603409.SH,汇通控股,SW1汽车,2025-09-30,10.4181,,26.7868,28.2224,12.4707,0.8321428571428572,,0.8014184397163121,0.6843971631205674,0.7588652482269503,5.0,,5.0,4.0,4.0,18.0
002608.SZ,江苏国信,SW1公用事业,2025-09-30,9.5172,50.82,14.2959,51.2533,18.2879,0.8296296296296296,0.9037037037037037,0.2757352941176471,0.4117647058823529,0.5882352941176471,5.0,5.0,2.0,3.0,3.0,18.0
002597.SZ,金禾实业,SW1基础化工,2025-09-30,5.1562,-20.94,21.507,26.3365,10.5628,0.628428927680798,0.4639175257731959,0.5955334987593052,0.652605459057072,0.6997518610421836,4.0,3.0,3.0,4.0,4.0,18.0
002593.SZ,日上集团,SW1建筑装饰,2025-09-30,3.242,-14.75,12.296,48.3212,7.1102,0.5886524822695035,0.5103448275862069,0.4068965517241379,0.8013698630136986,0.7054794520547945,3.0,3.0,3.0,5.0,4.0,18.0
002588.SZ,史丹利,SW1基础化工,2025-09-30,11.5249,12.91,18.0068,45.277,10.6647,0.9201995012468828,0.6662371134020618,0.49379652605459057,0.6600496277915633,0.36476426799007444,5.0,4.0,3.0,4.0,2.0,18.0
002580.SZ,圣阳股份,SW1电力设备,2025-09-30,7.0996,6.19,18.0997,40.1918,0.4267,0.7465940054495913,0.6210826210826211,0.5027027027027027,0.4189189189189189,0.6648648648648648,4.0,4.0,3.0,3.0,4.0,18.0
603390.SH,通达电气,SW1汽车,2025-09-30,3.4269,7.97,27.5786,14.7135,8.8128,0.34285714285714286,0.5657894736842105,0.8191489361702128,0.5425531914893617,0.9432624113475178,2.0,3.0,5.0,3.0,5.0,18.0
603338.SH,浙江鼎力,SW1机械设备,2025-09-30,15.079,-12.75,35.8783,34.7942,3.3137,0.9659090909090909,0.4756335282651072,0.7566037735849057,0.42830188679245285,0.5830188679245283,5.0,3.0,4.0,3.0,3.0,18.0
002577.SZ,雷柏科技,SW1计算机,2025-09-30,0.6928,15.0,28.9016,12.8921,7.6836,0.5495495495495496,0.7668711656441718,0.38738738738738737,0.7537537537537538,0.8378378378378378,3.0,4.0,2.0,4.0,5.0,18.0
002668.SZ,TCL智家,SW1家用电器,2025-09-30,33.6058,26.2,24.6794,68.3693,13.452,1.0,0.7934782608695652,0.5806451612903226,0.8387096774193549,0.07526881720430112,5.0,4.0,3.0,5.0,1.0,18.0
002626.SZ,金达威,SW1食品饮料,2025-09-30,8.1848,32.89,40.2239,45.3064,19.3199,0.6557377049180327,0.7933884297520661,0.6557377049180327,0.7868852459016393,0.30327868852459017,4.0,4.0,4.0,4.0,2.0,18.0
300533.SZ,冰川网络,SW1传媒,2025-09-30,33.0279,-176.74,93.0332,38.3117,31.4721,1.0,0.13953488372093023,0.9923076923076923,0.8769230769230769,0.36923076923076925,5.0,1.0,5.0,5.0,2.0,18.0
300531.SZ,优博讯,SW1计算机,2025-09-30,6.1645,-9.88,26.1296,33.8808,-0.2156,0.8648648648648649,0.6319018404907976,0.3333333333333333,0.6246246246246246,0.4444444444444444,5.0,4.0,2.0,4.0,3.0,18.0
603650.SH,彤程新材,SW1基础化工,2025-09-30,14.4427,32.19,24.385,59.8498,10.6414,0.9625935162094763,0.7731958762886598,0.6724565756823822,0.6575682382133995,0.15136476426799006,5.0,4.0,4.0,4.0,1.0,18.0
603599.SH,广信股份,SW1基础化工,2025-09-30,5.2905,-45.96,31.2525,33.9133,9.5716,0.6384039900249376,0.32989690721649484,0.8436724565756824,0.6253101736972705,0.5781637717121588,4.0,2.0,5.0,4.0,3.0,18.0
002438.SZ,江苏神通,SW1机械设备,2025-09-30,6.5239,9.42,34.5453,39.0603,3.2821,0.7215909090909091,0.6803118908382066,0.7245283018867924,0.42641509433962266,0.4962264150943396,4.0,4.0,4.0,3.0,3.0,18.0
002538.SZ,ST司特,SW1基础化工,2025-09-30,2.9085,137.79,15.035,15.8166,0.7954,0.4314214463840399,0.9329896907216495,0.4094292803970223,0.2531017369727047,0.8436724565756824,3.0,5.0,3.0,2.0,5.0,18.0
603535.SH,嘉诚国际,SW1交通运输,2025-09-30,5.5374,24.78,32.5625,44.5091,16.6596,0.528,0.8467741935483871,0.752,0.416,0.488,3.0,5.0,4.0,3.0,3.0,18.0
603518.SH,锦泓集团,SW1纺织服饰,2025-09-30,3.1472,2.9,68.6176,37.0493,5.0113,0.4423076923076923,0.6730769230769231,0.9809523809523809,0.49523809523809526,0.419047619047619,3.0,4.0,5.0,3.0,3.0,18.0
603456.SH,九洲药业,SW1医药生物,2025-09-30,8.6475,-41.14,37.5515,17.6749,32.256,0.8220338983050848,0.3146551724137931,0.34249471458773784,0.9302325581395349,0.6955602536997886,5.0,2.0,2.0,5.0,4.0,18.0
603156.SH,养元饮品,SW1食品饮料,2025-09-30,11.7785,17.35,44.5678,20.5582,-4.2251,0.8442622950819673,0.6694214876033058,0.7213114754098361,0.1721311475409836,0.6967213114754098,5.0,4.0,4.0,1.0,4.0,18.0
603038.SH,华立股份,SW1建筑材料,2025-09-30,3.4002,98.87,29.7564,42.9819,-9.1576,0.647887323943662,0.9436619718309859,0.8873239436619719,0.11267605633802817,0.5633802816901409,4.0,5.0,5.0,1.0,3.0,18.0
603120.SH,肯特催化,SW1基础化工,2025-09-30,4.9472,,26.6554,13.048,18.3246,0.6134663341645885,,0.739454094292804,0.8486352357320099,0.8808933002481389,4.0,,4.0,5.0,5.0,18.0
603111.SH,康尼机电,SW1机械设备,2025-09-30,6.6123,-1.15,30.3574,43.8221,10.0717,0.7272727272727273,0.5604288499025342,0.6037735849056604,0.6528301886792452,0.40943396226415096,4.0,3.0,4.0,4.0,3.0,18.0
603107.SH,上海汽配,SW1汽车,2025-09-30,6.4397,16.75,20.6427,21.6921,4.9394,0.5785714285714286,0.6654135338345865,0.6028368794326241,0.34397163120567376,0.851063829787234,3.0,4.0,4.0,2.0,5.0,18.0
603102.SH,百合股份,SW1食品饮料,2025-09-30,6.1227,-17.6,35.118,13.8015,22.2289,0.5163934426229508,0.35537190082644626,0.5327868852459017,0.8278688524590164,0.8524590163934427,3.0,2.0,3.0,5.0,5.0,18.0
603100.SH,川仪股份,SW1机械设备,2025-09-30,10.2946,4.56,34.2972,46.2431,5.9709,0.8787878787878788,0.6374269005847953,0.7132075471698113,0.5150943396226415,0.3735849056603774,5.0,4.0,4.0,3.0,2.0,18.0
002825.SZ,纳尔股份,SW1基础化工,2025-09-30,9.1805,31.19,19.7866,41.0942,5.7971,0.8628428927680798,0.7680412371134021,0.5483870967741935,0.45905707196029777,0.42679900744416877,5.0,4.0,3.0,3.0,3.0,18.0
002821.SZ,凯莱英,SW1医药生物,2025-09-30,4.6804,-58.43,42.4394,12.3548,24.7125,0.5614406779661016,0.24568965517241378,0.4164904862579281,0.8308668076109936,0.8202959830866807,3.0,2.0,3.0,5.0,5.0,18.0
002933.SZ,新兴装备,SW1国防军工,2025-09-30,1.9207,24.09,36.7725,36.1896,-4.7628,0.5298507462686567,0.823076923076923,0.6268656716417911,0.5671641791044776,0.417910447761194,3.0,5.0,4.0,3.0,3.0,18.0
002920.SZ,德赛西威,SW1计算机,2025-09-30,14.7219,30.91,19.7007,45.7328,10.1159,0.984984984984985,0.8190184049079755,0.2042042042042042,0.7987987987987988,0.2792792792792793,5.0,5.0,2.0,4.0,2.0,18.0
002919.SZ,名臣健康,SW1传媒,2025-09-30,5.1735,-33.61,53.3591,29.9197,3.6986,0.676923076923077,0.4573643410852713,0.8153846153846154,0.5,0.5923076923076923,4.0,3.0,5.0,3.0,3.0,18.0
002907.SZ,华森制药,SW1医药生物,2025-09-30,4.3273,134.66,58.2204,14.3997,3.961,0.538135593220339,0.9396551724137931,0.6257928118393234,0.28964059196617337,0.7801268498942917,3.0,5.0,4.0,2.0,4.0,18.0
002906.SZ,华阳集团,SW1汽车,2025-09-30,8.4848,39.8,18.9035,48.4026,6.0789,0.7071428571428572,0.8308270676691729,0.5141843971631206,0.41134751773049644,0.4078014184397163,4.0,5.0,3.0,3.0,3.0,18.0
002899.SZ,英派斯,SW1轻工制造,2025-09-30,2.9478,23.77,26.5645,38.5134,12.6876,0.4805194805194805,0.773972602739726,0.6493506493506493,0.7207792207792207,0.5,3.0,4.0,4.0,4.0,3.0,18.0
603048.SH,浙江黎明,SW1汽车,2025-09-30,3.4933,15.77,35.2882,19.8482,5.7063,0.3464285714285714,0.6428571428571429,0.9574468085106383,0.38652482269503546,0.875886524822695,2.0,4.0,5.0,2.0,5.0,18.0
603043.SH,广州酒家,SW1食品饮料,2025-09-30,11.4602,-11.01,32.3477,44.6686,25.4083,0.819672131147541,0.4132231404958678,0.48360655737704916,0.8688524590163934,0.319672131147541,5.0,3.0,3.0,5.0,2.0,18.0
601858.SH,中国科传,SW1传媒,2025-09-30,5.718,-16.06,27.4925,23.1773,4.9136,0.7307692307692307,0.6201550387596899,0.46153846153846156,0.5384615384615384,0.7384615384615385,4.0,4.0,3.0,3.0,4.0,18.0
603678.SH,火炬电子,SW1国防军工,2025-09-30,5.5137,-44.1,32.5001,24.785,-3.9544,0.8059701492537313,0.4461538461538462,0.5223880597014925,0.5970149253731343,0.664179104477612,5.0,3.0,3.0,3.0,4.0,18.0
300461.SZ,田中精机,SW1机械设备,2025-09-30,0.8956,12994.32,29.9043,33.9037,16.3885,0.24431818181818182,1.0,0.5962264150943396,0.8132075471698114,0.5981132075471698,2.0,5.0,3.0,5.0,3.0,18.0
300566.SZ,激智科技,SW1电子,2025-09-30,8.1439,35.31,24.4409,43.1314,11.7734,0.8063157894736842,0.7516778523489933,0.5136842105263157,0.6252631578947369,0.38526315789473686,5.0,4.0,3.0,4.0,2.0,18.0
300559.SZ,佳发教育,SW1计算机,2025-09-30,4.0166,-76.93,49.4608,23.1728,7.5962,0.7657657657657657,0.3006134969325153,0.7237237237237237,0.7447447447447447,0.6456456456456456,4.0,2.0,4.0,4.0,4.0,18.0
301170.SZ,锡南科技,SW1汽车,2025-09-30,4.6014,17.77,19.024,9.3419,6.2577,0.41785714285714287,0.6729323308270677,0.5212765957446809,0.4219858156028369,0.9822695035460993,3.0,4.0,3.0,3.0,5.0,18.0
603006.SH,联明股份,SW1汽车,2025-09-30,4.2596,-42.81,22.1063,23.6053,27.5006,0.3892857142857143,0.22180451127819548,0.6737588652482269,0.975177304964539,0.8262411347517731,2.0,2.0,4.0,5.0,5.0,18.0
603001.SH,奥康国际,SW1纺织服饰,2025-09-30,-8.3314,131.33,35.3782,23.8494,10.2943,0.09615384615384616,0.9519230769230769,0.6190476190476191,0.6571428571428571,0.6952380952380952,1.0,5.0,4.0,4.0,4.0,18.0
601991.SH,大唐发电,SW1公用事业,2025-09-30,8.0168,128.09,19.4099,66.218,33.2678,0.7481481481481481,0.9555555555555556,0.4338235294117647,0.6323529411764706,0.23529411764705888,4.0,5.0,3.0,4.0,2.0,18.0
601965.SH,中国汽研,SW1汽车,2025-09-30,9.1386,9.19,46.147,27.7245,1.2912,0.75,0.5827067669172933,0.9929078014184397,0.20212765957446807,0.7659574468085106,4.0,3.0,5.0,2.0,4.0,18.0
603078.SH,江化微,SW1电子,2025-09-30,4.1132,21.25,26.5547,26.0919,16.3494,0.5347368421052632,0.6711409395973155,0.5663157894736842,0.7557894736842106,0.6610526315789473,3.0,4.0,3.0,4.0,4.0,18.0
603068.SH,博通集成,SW1电子,2025-09-30,0.5552,-71.21,29.4002,16.5152,28.5378,0.25473684210526315,0.21476510067114093,0.6378947368421053,0.9178947368421052,0.8168421052631579,2.0,2.0,4.0,5.0,5.0,18.0
603067.SH,振华股份,SW1基础化工,2025-09-30,12.343,26.69,28.0159,35.7355,0.9965,0.9351620947630923,0.7422680412371134,0.7667493796526055,0.25806451612903225,0.5409429280397022,5.0,4.0,4.0,2.0,3.0,18.0
601928.SH,凤凰传媒,SW1传媒,2025-09-30,8.6005,-46.09,42.3237,35.4508,9.1146,0.8307692307692308,0.3488372093023256,0.7230769230769231,0.6384615384615384,0.46153846153846156,5.0,2.0,4.0,4.0,3.0,18.0
601888.SH,中国中免,SW1商贸零售,2025-09-30,5.5104,-33.08,32.5444,18.3368,8.4993,0.7777777777777778,0.3939393939393939,0.6161616161616161,0.5353535353535354,0.8181818181818181,4.0,2.0,4.0,3.0,5.0,18.0
300610.SZ,晨化股份,SW1基础化工,2025-09-30,4.5786,40.97,19.8654,27.7199,5.9504,0.5785536159600998,0.8118556701030928,0.5508684863523573,0.4739454094292804,0.6749379652605458,3.0,5.0,3.0,3.0,4.0,18.0
300596.SZ,利安隆,SW1基础化工,2025-09-30,8.5013,15.86,21.7154,50.0252,6.2595,0.8428927680798005,0.6881443298969072,0.607940446650124,0.4838709677419355,0.2853598014888338,5.0,4.0,4.0,3.0,2.0,18.0
301165.SZ,锐捷网络,SW1通信,2025-09-30,14.2711,43.09,34.0848,47.1516,2.5947,0.9256198347107438,0.7583333333333333,0.71900826446281,0.512396694214876,0.30578512396694213,5.0,4.0,4.0,3.0,2.0,18.0
301047.SZ,义翘神州,SW1医药生物,2025-09-30,1.9942,-53.13,73.9475,3.6658,16.2269,0.3601694915254237,0.27801724137931033,0.8372093023255814,0.6300211416490487,0.9957716701902748,2.0,2.0,5.0,4.0,5.0,18.0
301046.SZ,能辉科技,SW1建筑装饰,2025-09-30,2.7621,-8.41,13.1671,54.2756,24.8869,0.5319148936170213,0.5586206896551724,0.4413793103448276,0.9315068493150684,0.6095890410958904,3.0,3.0,3.0,5.0,4.0,18.0
301042.SZ,安联锐视,SW1计算机,2025-09-30,1.4531,-22.56,38.3738,10.9375,-5.836,0.6246246246246246,0.5552147239263804,0.5705705705705706,0.5105105105105106,0.8768768768768769,4.0,3.0,3.0,3.0,5.0,18.0
603172.SH,万丰股份,SW1基础化工,2025-09-30,3.4695,-4.02,26.745,28.1285,12.9617,0.486284289276808,0.5618556701030928,0.7419354838709677,0.707196029776675,0.6699751861042184,3.0,3.0,4.0,4.0,4.0,18.0
301393.SZ,昊帆生物,SW1医药生物,2025-09-30,4.2982,35.44,38.7463,7.8581,10.9785,0.5317796610169492,0.8211206896551724,0.3594080338266385,0.4587737843551797,0.9302325581395349,3.0,5.0,2.0,3.0,5.0,18.0
301391.SZ,卡莱特,SW1计算机,2025-09-30,0.6305,-90.45,44.3673,18.4117,33.2998,0.5465465465465466,0.25766871165644173,0.6546546546546547,0.963963963963964,0.7327327327327327,3.0,2.0,4.0,5.0,4.0,18.0
301389.SZ,隆扬电子,SW1电子,2025-09-30,3.6783,-15.02,51.6715,25.8237,10.9089,0.5031578947368421,0.4742729306487696,0.9452631578947368,0.5957894736842105,0.6652631578947368,3.0,3.0,5.0,3.0,4.0,18.0
301297.SZ,富乐德,SW1电子,2025-09-30,4.9495,15.95,30.03,21.9553,10.0619,0.5957894736842105,0.6420581655480985,0.6547368421052632,0.5705263157894737,0.7263157894736842,3.0,4.0,4.0,3.0,4.0,18.0
301291.SZ,明阳电气,SW1电力设备,2025-09-30,9.7566,33.8,21.9908,47.5513,-8.2055,0.8801089918256131,0.7891737891737892,0.6189189189189189,0.21081081081081082,0.5486486486486486,5.0,4.0,4.0,2.0,3.0,18.0
603896.SH,寿仙谷,SW1医药生物,2025-09-30,3.317,-31.34,79.0645,26.6874,33.4624,0.4576271186440678,0.36637931034482757,0.8985200845665962,0.9408033826638478,0.5052854122621564,3.0,2.0,5.0,5.0,3.0,18.0
603886.SH,元祖股份,SW1食品饮料,2025-09-30,8.1714,-9.98,64.2417,53.2002,34.2319,0.6475409836065574,0.4297520661157025,0.860655737704918,0.9754098360655737,0.14754098360655743,4.0,3.0,5.0,5.0,1.0,18.0
603867.SH,新化股份,SW1基础化工,2025-09-30,7.6338,-4.81,22.3233,37.1983,7.1686,0.800498753117207,0.5567010309278351,0.6277915632754343,0.5260545905707196,0.49627791563275436,5.0,3.0,4.0,3.0,3.0,18.0
603816.SH,顾家家居,SW1轻工制造,2025-09-30,15.254,-28.28,32.3812,39.7693,12.3572,0.961038961038961,0.3972602739726027,0.7727272727272727,0.7077922077922078,0.461038961038961,5.0,2.0,4.0,4.0,3.0,18.0
603983.SH,丸美生物,SW1美容护理,2025-09-30,7.2761,23.33,74.9138,30.0279,6.4836,0.7037037037037037,0.75,0.9285714285714286,0.32142857142857145,0.4642857142857143,4.0,4.0,5.0,2.0,3.0,18.0
603966.SH,法兰泰克,SW1机械设备,2025-09-30,9.4024,2.33,23.6781,53.4119,21.7236,0.8409090909090909,0.6101364522417154,0.38113207547169814,0.8830188679245283,0.25094339622641515,5.0,4.0,2.0,5.0,2.0,18.0
603755.SH,日辰股份,SW1食品饮料,2025-09-30,8.7088,13.16,37.9526,31.8529,16.1579,0.6721311475409836,0.6115702479338843,0.5901639344262295,0.6639344262295082,0.48360655737704916,4.0,4.0,3.0,4.0,3.0,18.0
603726.SH,朗迪集团,SW1家用电器,2025-09-30,13.0415,59.95,21.7667,47.4039,4.8341,0.8817204301075269,0.9347826086956522,0.4946236559139785,0.45161290322580644,0.3763440860215054,5.0,5.0,3.0,3.0,2.0,18.0
002346.SZ,柘中股份,SW1电力设备,2025-09-30,12.1945,-75.39,23.2319,28.243,-1.9992,0.9237057220708447,0.2535612535612536,0.6594594594594595,0.35135135135135137,0.8135135135135135,5.0,2.0,4.0,2.0,5.0,18.0
603020.SH,爱普股份,SW1基础化工,2025-09-30,3.4141,71.52,16.1255,6.9142,3.9156,0.4837905236907731,0.8737113402061856,0.4317617866004963,0.37220843672456577,0.9727047146401985,3.0,5.0,3.0,2.0,5.0,18.0
603017.SH,中衡设计,SW1建筑装饰,2025-09-30,3.8232,-50.35,26.3137,55.7697,16.4709,0.6453900709219859,0.32413793103448274,0.7931034482758621,0.9041095890410958,0.5821917808219178,4.0,2.0,4.0,5.0,3.0,18.0
601811.SH,新华文轩,SW1传媒,2025-09-30,6.601,-1.52,35.0824,38.1451,11.0212,0.7538461538461538,0.7286821705426356,0.6,0.6692307692307692,0.3846153846153846,4.0,4.0,4.0,4.0,2.0,18.0
601728.SH,中国电信,SW1通信,2025-09-30,6.7596,8.37,30.3123,46.8941,22.1451,0.743801652892562,0.575,0.628099173553719,0.9008264462809917,0.3223140495867769,4.0,3.0,4.0,5.0,2.0,18.0
601677.SH,明泰铝业,SW1有色金属,2025-09-30,7.8047,29.72,6.8118,30.4311,3.2815,0.6296296296296297,0.7596899224806202,0.2518518518518518,0.4962962962962963,0.8074074074074074,4.0,4.0,2.0,3.0,5.0,18.0
601633.SH,长城汽车,SW1汽车,2025-09-30,10.4406,80.73,18.3974,60.8833,13.925,0.8428571428571429,0.9097744360902256,0.49645390070921985,0.7340425531914894,0.18439716312056742,5.0,5.0,3.0,4.0,1.0,18.0
601619.SH,嘉泽新能,SW1公用事业,2025-09-30,7.9384,-21.66,57.6195,66.5291,116.7508,0.7333333333333333,0.3111111111111111,0.9705882352941176,0.9926470588235294,0.22058823529411764,4.0,2.0,5.0,5.0,2.0,18.0
301136.SZ,招标股份,SW1建筑装饰,2025-09-30,0.4936,-124.39,36.1542,27.2958,9.2621,0.3262411347517731,0.1793103448275862,0.9172413793103448,0.8493150684931506,0.8767123287671232,2.0,1.0,5.0,5.0,5.0,18.0
301200.SZ,大族数控,SW1机械设备,2025-09-30,9.1416,120.82,31.7265,38.5784,-17.8255,0.8295454545454546,0.9337231968810916,0.6528301886792452,0.0830188679245283,0.5075471698113208,5.0,5.0,4.0,1.0,3.0,18.0
301001.SZ,凯淳股份,SW1商贸零售,2025-09-30,0.0458,90.5,25.9048,6.8146,8.4215,0.23232323232323232,0.898989898989899,0.47474747474747475,0.5252525252525253,0.9393939393939394,2.0,5.0,3.0,3.0,5.0,18.0
301086.SZ,鸿富瀚,SW1电子,2025-09-30,4.2155,6.81,34.8171,35.4605,18.8954,0.5389473684210526,0.5850111856823266,0.7621052631578947,0.8,0.4989473684210526,3.0,3.0,4.0,5.0,3.0,18.0
301078.SZ,孩子王,SW1商贸零售,2025-09-30,5.1415,70.02,28.6119,64.2615,14.8931,0.7575757575757576,0.8787878787878788,0.5151515151515151,0.7777777777777778,0.31313131313131315,4.0,5.0,3.0,4.0,2.0,18.0
301058.SZ,中粮科工,SW1建筑装饰,2025-09-30,5.4536,3.92,21.6415,49.3589,-38.3314,0.8226950354609929,0.7103448275862069,0.6758620689655173,0.0684931506849315,0.6917808219178082,5.0,4.0,4.0,1.0,4.0,18.0
002364.SZ,中恒电气,SW1电力设备,2025-09-30,2.993,166.32,23.5132,37.2626,-4.9328,0.46866485013623976,0.9344729344729344,0.6702702702702703,0.2864864864864865,0.7243243243243243,3.0,5.0,4.0,2.0,4.0,18.0
601882.SH,海天精工,SW1机械设备,2025-09-30,12.1479,-14.19,25.9831,44.5254,17.981,0.9185606060606061,0.4619883040935672,0.4716981132075472,0.8339622641509434,0.39245283018867927,5.0,3.0,3.0,5.0,2.0,18.0
300447.SZ,全信股份,SW1国防军工,2025-09-30,1.5848,-86.67,38.0638,21.6822,36.2143,0.48507462686567165,0.3,0.6716417910447762,0.9626865671641791,0.708955223880597,3.0,2.0,4.0,5.0,4.0,18.0
300446.SZ,航天智造,SW1汽车,2025-09-30,11.9286,66.69,18.9448,44.9155,5.3417,0.9,0.8834586466165414,0.5177304964539007,0.36879432624113473,0.5,5.0,5.0,3.0,2.0,3.0,18.0
300435.SZ,中泰股份,SW1机械设备,2025-09-30,10.6683,-123.54,29.3787,26.8543,18.9288,0.8863636363636364,0.13450292397660818,0.5792452830188679,0.8566037735849057,0.7113207547169811,5.0,1.0,3.0,5.0,4.0,18.0
605580.SH,恒盛能源,SW1公用事业,2025-09-30,10.0522,0.93,26.3997,49.4938,28.0984,0.8666666666666667,0.5481481481481482,0.5955882352941176,0.5514705882352942,0.625,5.0,3.0,3.0,3.0,4.0,18.0
605398.SH,新炬网络,SW1计算机,2025-09-30,0.9902,-64.46,38.5652,11.122,19.2651,0.5765765765765766,0.34662576687116564,0.5735735735735735,0.8888888888888888,0.8708708708708709,3.0,2.0,3.0,5.0,5.0,18.0
605058.SH,澳弘电子,SW1电子,2025-09-30,6.1731,6.45,22.6525,39.1964,24.7198,0.6947368421052632,0.5794183445190156,0.45263157894736844,0.8821052631578947,0.43157894736842106,4.0,3.0,3.0,5.0,3.0,18.0
002209.SZ,达 意 隆,SW1机械设备,2025-09-30,13.4199,49.69,26.0705,75.0914,12.7912,0.9450757575757576,0.8713450292397661,0.47547169811320755,0.7264150943396226,0.049056603773584895,5.0,5.0,3.0,4.0,1.0,18.0
002179.SZ,中航光电,SW1国防军工,2025-09-30,7.3355,0.34,29.6975,38.7518,-3.8416,0.9104477611940298,0.6615384615384615,0.47761194029850745,0.6044776119402985,0.3656716417910447,5.0,4.0,3.0,4.0,2.0,18.0
002284.SZ,亚太股份,SW1汽车,2025-09-30,10.7529,120.41,20.1288,59.8111,15.2663,0.8607142857142858,0.943609022556391,0.5886524822695035,0.7907801418439716,0.1985815602836879,5.0,5.0,3.0,4.0,1.0,18.0
002283.SZ,天润工业,SW1汽车,2025-09-30,4.6456,-15.11,23.2538,26.7522,20.0976,0.43214285714285716,0.37969924812030076,0.7198581560283688,0.900709219858156,0.7872340425531915,3.0,2.0,4.0,5.0,4.0,18.0
605003.SH,众望布艺,SW1纺织服饰,2025-09-30,3.6491,-74.4,30.0843,7.5634,16.148,0.49038461538461536,0.22115384615384615,0.5047619047619047,0.8571428571428571,0.9523809523809523,3.0,2.0,3.0,5.0,5.0,18.0
605286.SH,同力天启,SW1机械设备,2025-09-30,9.4091,45.56,31.48,51.3137,1.0122,0.8428030303030303,0.8615984405458089,0.6490566037735849,0.3641509433962264,0.28301886792452835,5.0,5.0,4.0,2.0,2.0,18.0
603950.SH,长源东谷,SW1汽车,2025-09-30,9.8217,5.37,26.094,49.4318,17.0326,0.7857142857142857,0.5413533834586466,0.7907801418439716,0.851063829787234,0.3971631205673759,4.0,3.0,4.0,5.0,2.0,18.0
002281.SZ,光迅科技,SW1通信,2025-09-30,7.6135,5.98,23.1387,39.9383,12.6171,0.8016528925619835,0.5166666666666667,0.5041322314049587,0.7768595041322314,0.49586776859504134,5.0,3.0,3.0,4.0,3.0,18.0
002867.SZ,周大生,SW1纺织服饰,2025-09-30,13.9743,-23.68,29.736,23.6519,8.5713,0.9519230769230769,0.40384615384615385,0.49523809523809526,0.580952380952381,0.7142857142857143,5.0,3.0,3.0,3.0,4.0,18.0
002983.SZ,芯瑞达,SW1电子,2025-09-30,6.9774,-28.56,23.9931,27.8241,29.5941,0.7536842105263157,0.38926174496644295,0.4968421052631579,0.9263157894736842,0.6336842105263158,4.0,2.0,3.0,5.0,4.0,18.0
002975.SZ,博杰股份,SW1机械设备,2025-09-30,5.2197,-122.83,44.3973,26.4541,7.9973,0.6534090909090909,0.1364522417153996,0.9245283018867925,0.6018867924528302,0.7188679245283018,4.0,1.0,5.0,4.0,4.0,18.0
002968.SZ,新大正,SW1房地产,2025-09-30,8.3994,-24.66,14.2866,35.0495,-4.7132,0.9662921348314607,0.5473684210526316,0.4105263157894737,0.3473684210526316,0.8526315789473684,5.0,3.0,3.0,2.0,5.0,18.0
002967.SZ,广电计量,SW1社会服务,2025-09-30,7.0711,74.32,45.0604,45.9797,10.6911,0.7051282051282052,0.9230769230769231,0.625,0.475,0.38749999999999996,4.0,5.0,4.0,3.0,2.0,18.0
601952.SH,苏垦农发,SW1农林牧渔,2025-09-30,4.4518,-7.76,12.3172,51.4091,11.5713,0.6565656565656566,0.7281553398058253,0.47058823529411764,0.6666666666666666,0.44660194174757284,4.0,4.0,3.0,4.0,3.0,18.0
002956.SZ,西麦食品,SW1食品饮料,2025-09-30,8.5873,15.32,43.6386,25.8854,12.0812,0.6639344262295082,0.6528925619834711,0.6967213114754098,0.5163934426229508,0.5737704918032787,4.0,4.0,4.0,3.0,3.0,18.0
002949.SZ,华阳国际,SW1建筑装饰,2025-09-30,4.5301,-23.72,25.8745,45.2519,-9.0082,0.7446808510638298,0.4482758620689655,0.7724137931034483,0.4178082191780822,0.7534246575342466,4.0,3.0,4.0,3.0,4.0,18.0
002937.SZ,兴瑞科技,SW1汽车,2025-09-30,7.4031,-14.5,24.0071,36.9245,15.1589,0.6285714285714286,0.38721804511278196,0.7340425531914894,0.7872340425531915,0.6418439716312057,4.0,2.0,4.0,4.0,4.0,18.0
003011.SZ,海象新材,SW1轻工制造,2025-09-30,6.3859,9.76,25.0969,34.2517,13.9294,0.7012987012987013,0.6712328767123288,0.5974025974025974,0.7467532467532467,0.577922077922078,4.0,4.0,3.0,4.0,3.0,18.0
003006.SZ,百亚股份,SW1美容护理,2025-09-30,16.761,20.6,53.9983,29.9101,5.9037,0.9629629629629629,0.7142857142857143,0.6785714285714286,0.2857142857142857,0.5,5.0,4.0,4.0,2.0,3.0,18.0
601155.SH,新城控股,SW1房地产,2025-09-30,1.587,28.67,25.5995,71.9955,2.9864,0.6741573033707865,0.8,0.6947368421052632,0.45263157894736844,0.368421052631579,4.0,5.0,4.0,3.0,2.0,18.0
600895.SH,张江高科,SW1房地产,2025-09-30,4.0499,5.71,39.8711,67.9329,-29.307,0.8314606741573034,0.7157894736842105,0.8947368421052632,0.09473684210526316,0.43157894736842106,5.0,4.0,5.0,1.0,3.0,18.0
300577.SZ,开润股份,SW1纺织服饰,2025-09-30,12.6562,248.74,24.3599,57.6207,11.5679,0.9326923076923077,0.9903846153846154,0.41904761904761906,0.6857142857142857,0.12380952380952381,5.0,5.0,3.0,4.0,1.0,18.0
300674.SZ,宇信科技,SW1计算机,2025-09-30,6.416,16.4,33.8553,25.7408,-16.8311,0.8678678678678678,0.7760736196319018,0.4894894894894895,0.3483483483483483,0.6096096096096096,5.0,4.0,3.0,2.0,4.0,18.0
300668.SZ,杰恩股份,SW1建筑装饰,2025-09-30,2.3236,-117.96,24.8272,31.8909,8.5218,0.48226950354609927,0.19310344827586207,0.7517241379310344,0.8356164383561644,0.8287671232876712,3.0,1.0,4.0,5.0,5.0,18.0
300759.SZ,康龙化成,SW1医药生物,2025-09-30,8.0823,8.37,34.2248,41.1571,24.1542,0.8008474576271186,0.646551724137931,0.28964059196617337,0.8160676532769556,0.2684989429175476,5.0,4.0,2.0,5.0,2.0,18.0
300965.SZ,恒宇信通,SW1国防军工,2025-09-30,2.0881,-115.97,45.2987,16.8002,-3.8103,0.5373134328358209,0.2230769230769231,0.7985074626865671,0.6119402985074627,0.8208955223880597,3.0,2.0,4.0,4.0,5.0,18.0
300960.SZ,通业科技,SW1机械设备,2025-09-30,4.3527,37.1,41.4742,40.0406,-4.3281,0.5606060606060606,0.8265107212475633,0.8641509433962264,0.2339622641509434,0.47735849056603774,3.0,5.0,5.0,2.0,3.0,18.0
300957.SZ,贝泰妮,SW1美容护理,2025-09-30,4.4829,-34.83,74.3287,24.1503,12.7553,0.4444444444444444,0.32142857142857145,0.8928571428571429,0.6071428571428571,0.6071428571428572,3.0,2.0,5.0,4.0,4.0,18.0
605133.SH,嵘泰股份,SW1汽车,2025-09-30,4.6227,13.79,22.2758,41.0249,14.2354,0.425,0.6278195488721805,0.6808510638297872,0.74822695035461,0.5851063829787234,3.0,4.0,4.0,4.0,3.0,18.0
600019.SH,宝钢股份,SW1钢铁,2025-09-30,3.9325,-37.65,7.1867,40.6493,13.2694,0.6190476190476191,0.3953488372093023,0.4418604651162791,0.8372093023255814,0.7674418604651163,4.0,2.0,3.0,5.0,4.0,18.0
301413.SZ,安培龙,SW1机械设备,2025-09-30,5.9532,3.44,28.4543,42.0467,8.4851,0.6950757575757576,0.6228070175438597,0.5528301886792453,0.6132075471698113,0.439622641509434,4.0,4.0,3.0,4.0,3.0,18.0
300333.SZ,兆日科技,SW1计算机,2025-09-30,-1.1074,-30.02,54.5458,2.6059,-11.1803,0.4264264264264264,0.5153374233128835,0.7927927927927928,0.4264264264264264,0.993993993993994,3.0,3.0,4.0,3.0,5.0,18.0
300454.SZ,深信服,SW1计算机,2025-09-30,-0.8768,-1.0,60.936,38.1253,0.2536,0.43843843843843844,0.6717791411042945,0.8498498498498499,0.6366366366366366,0.39039039039039036,3.0,4.0,5.0,4.0,2.0,18.0
300453.SZ,三鑫医疗,SW1医药生物,2025-09-30,13.6762,10.96,35.5009,36.1151,27.871,0.9322033898305084,0.6637931034482759,0.3044397463002114,0.879492600422833,0.34249471458773784,5.0,4.0,2.0,5.0,2.0,18.0
601058.SH,赛轮轮胎,SW1汽车,2025-09-30,14.154,28.77,24.7335,50.2611,9.0847,0.9357142857142857,0.7556390977443609,0.75177304964539,0.5638297872340425,0.3794326241134752,5.0,4.0,4.0,3.0,2.0,18.0
688087.SH,英科再生,SW1轻工制造,2025-09-30,8.5738,57.07,25.0169,61.0228,15.8478,0.7922077922077922,0.8835616438356164,0.5909090909090909,0.8181818181818182,0.16883116883116878,4.0,5.0,3.0,5.0,1.0,18.0
605378.SH,野马电池,SW1电力设备,2025-09-30,4.309,44.76,14.2591,21.7863,2.5726,0.5776566757493188,0.8148148148148148,0.37027027027027026,0.5108108108108108,0.8837837837837837,3.0,5.0,2.0,3.0,5.0,18.0
002130.SZ,沃尔核材,SW1电子,2025-09-30,14.0385,21.48,32.077,44.7313,10.2691,0.9494736842105264,0.6756152125279642,0.6947368421052632,0.5726315789473684,0.35578947368421054,5.0,4.0,4.0,3.0,2.0,18.0
002117.SZ,东港股份,SW1轻工制造,2025-09-30,8.7673,-3.43,34.7403,26.5556,-3.895,0.8116883116883117,0.5684931506849316,0.8571428571428571,0.17532467532467533,0.7467532467532467,5.0,3.0,5.0,1.0,4.0,18.0
605369.SH,拱东医疗,SW1医药生物,2025-09-30,4.2044,57.16,30.1338,18.4854,17.6367,0.5211864406779662,0.8685344827586207,0.22410147991543342,0.6638477801268499,0.678646934460888,3.0,5.0,2.0,4.0,4.0,18.0
605338.SH,巴比食品,SW1食品饮料,2025-09-30,8.8816,30.04,28.0089,19.3416,14.7637,0.7213114754098361,0.7768595041322314,0.3442622950819672,0.6229508196721312,0.7213114754098361,4.0,4.0,2.0,4.0,4.0,18.0
605259.SH,绿田机械,SW1机械设备,2025-09-30,11.4765,3.44,21.0018,28.1289,7.763,0.9090909090909091,0.6228070175438597,0.2811320754716981,0.590566037735849,0.6943396226415095,5.0,4.0,2.0,3.0,4.0,18.0
605258.SH,协和电子,SW1电子,2025-09-30,3.7189,90.8,17.4879,25.8221,14.0642,0.5094736842105263,0.8747203579418344,0.3157894736842105,0.6968421052631579,0.6673684210526316,3.0,5.0,2.0,4.0,4.0,18.0
300584.SZ,海辰药业,SW1医药生物,2025-09-30,3.1631,10.59,83.3787,27.649,12.4037,0.4427966101694915,0.6605603448275862,0.9344608879492601,0.507399577167019,0.4778012684989429,3.0,4.0,5.0,3.0,3.0,18.0
601579.SH,会稽山,SW1食品饮料,2025-09-30,3.1646,17.67,54.7308,16.1629,1.1906,0.39344262295081966,0.6859504132231405,0.8278688524590164,0.30327868852459017,0.8114754098360656,2.0,4.0,5.0,2.0,5.0,18.0
002043.SZ,兔 宝 宝,SW1建筑材料,2025-09-30,20.0936,-16.22,17.602,44.0283,7.4815,0.9859154929577465,0.7605633802816901,0.4225352112676056,0.5633802816901409,0.49295774647887325,5.0,4.0,3.0,3.0,3.0,18.0
601016.SH,节能风电,SW1公用事业,2025-09-30,4.2475,-13.59,42.8037,58.6898,92.7044,0.37037037037037035,0.4074074074074074,0.8161764705882353,0.9558823529411765,0.4117647058823529,2.0,3.0,5.0,5.0,3.0,18.0
600965.SH,*ST福成,SW1农林牧渔,2025-09-30,2.4853,-42.56,24.8817,17.3389,9.1105,0.48484848484848486,0.5825242718446602,0.7843137254901961,0.5196078431372549,0.883495145631068,3.0,3.0,4.0,3.0,5.0,18.0
003001.SZ,中岩大地,SW1建筑装饰,2025-09-30,1.8948,356.93,24.2865,30.588,-19.8017,0.46099290780141844,0.9793103448275862,0.7448275862068966,0.14383561643835616,0.8493150684931507,3.0,5.0,4.0,1.0,5.0,18.0
300010.SZ,ST豆神,SW1社会服务,2025-09-30,5.3902,423.42,71.4351,26.7603,-30.7438,0.5641025641025641,1.0,0.9875,0.0875,0.625,3.0,5.0,5.0,1.0,4.0,18.0
300711.SZ,广哈通信,SW1通信,2025-09-30,4.7424,24.81,54.0767,38.8719,-1.5941,0.6528925619834711,0.6833333333333333,0.9504132231404959,0.33884297520661155,0.5123966942148761,4.0,4.0,5.0,2.0,3.0,18.0
300707.SZ,威唐工业,SW1汽车,2025-09-30,2.7783,3.31,22.0368,38.3278,21.2765,0.32857142857142857,0.5263157894736842,0.6666666666666666,0.9219858156028369,0.624113475177305,2.0,3.0,4.0,5.0,4.0,18.0
301007.SZ,德迈仕,SW1汽车,2025-09-30,5.651,1.18,20.7335,34.5584,13.5066,0.525,0.5037593984962406,0.6063829787234043,0.7269503546099291,0.6879432624113475,3.0,3.0,4.0,4.0,4.0,18.0
300725.SZ,药石科技,SW1医药生物,2025-09-30,2.2373,11.24,30.9487,8.2831,38.2989,0.3855932203389831,0.665948275862069,0.23255813953488372,0.9704016913319239,0.9238900634249472,2.0,4.0,2.0,5.0,5.0,18.0
300809.SZ,华辰装备,SW1机械设备,2025-09-30,2.6628,-47.63,30.8976,25.7147,27.6985,0.4015151515151515,0.24951267056530213,0.630188679245283,0.9377358490566038,0.7339622641509433,3.0,2.0,4.0,5.0,4.0,18.0
300807.SZ,天迈科技,SW1计算机,2025-09-30,-3.2142,20.96,43.2411,24.4175,9.5845,0.3033033033033033,0.7883435582822086,0.6396396396396397,0.7777777777777778,0.6216216216216216,2.0,4.0,4.0,4.0,4.0,18.0
002150.SZ,正泰电源,SW1电力设备,2025-09-30,6.966,169.05,29.4741,56.2533,-1.3101,0.7384196185286104,0.9373219373219374,0.8108108108108109,0.36486486486486486,0.39729729729729735,4.0,5.0,5.0,2.0,2.0,18.0
601116.SH,三江购物,SW1商贸零售,2025-09-30,3.5637,3.51,25.5435,36.6099,9.4169,0.6464646464646465,0.7171717171717171,0.46464646464646464,0.5959595959595959,0.696969696969697,4.0,4.0,3.0,3.0,4.0,18.0
601089.SH,福元医药,SW1医药生物,2025-09-30,10.383,-0.05,65.9546,22.8183,12.4641,0.8538135593220338,0.5797413793103449,0.7420718816067653,0.5116279069767442,0.5898520084566596,5.0,3.0,4.0,3.0,3.0,18.0
301508.SZ,中机认检,SW1社会服务,2025-09-30,5.7063,-10.12,47.1179,23.943,17.9846,0.6025641025641025,0.5256410256410257,0.675,0.55,0.7125,4.0,3.0,4.0,3.0,4.0,18.0
600021.SH,上海电力,SW1公用事业,2025-09-30,10.1817,16.68,27.6453,69.8024,38.6533,0.8740740740740741,0.7481481481481481,0.6544117647058824,0.6985294117647058,0.17647058823529416,5.0,4.0,4.0,4.0,1.0,18.0
600848.SH,上海临港,SW1房地产,2025-09-30,5.63,27.84,56.0269,60.3572,-64.4768,0.8876404494382022,0.7894736842105263,0.9789473684210527,0.042105263157894736,0.5684210526315789,5.0,4.0,5.0,1.0,3.0,18.0
600846.SH,同济科技,SW1建筑装饰,2025-09-30,4.019,2.61,13.0234,68.712,28.2938,0.6737588652482269,0.696551724137931,0.42758620689655175,0.9383561643835616,0.3904109589041096,4.0,4.0,3.0,5.0,2.0,18.0
600830.SH,香溢融通,SW1非银金融,2025-09-30,3.2637,101.56,56.0278,54.7926,-294.3799,0.20512820512820512,0.8734177215189873,0.8181818181818182,0.012658227848101266,0.8607594936708861,2.0,5.0,5.0,1.0,5.0,18.0
600826.SH,兰生股份,SW1社会服务,2025-09-30,4.2715,6.22,30.6228,26.2377,31.1469,0.5,0.7051282051282052,0.4375,0.725,0.6375,3.0,4.0,3.0,4.0,4.0,18.0
600824.SH,益民集团,SW1商贸零售,2025-09-30,0.7967,-40.15,48.2555,14.8741,12.2295,0.35353535353535354,0.3333333333333333,0.8080808080808081,0.6565656565656566,0.8383838383838383,2.0,2.0,5.0,4.0,5.0,18.0
600821.SH,金开新能,SW1公用事业,2025-09-30,5.9208,5.49,55.32,71.4879,69.5137,0.5703703703703704,0.6074074074074074,0.9558823529411765,0.8897058823529411,0.13235294117647056,3.0,4.0,5.0,5.0,1.0,18.0
300043.SZ,星辉娱乐,SW1传媒,2025-09-30,16.961,-1762.99,57.1267,50.4554,23.6425,0.9461538461538461,0.031007751937984496,0.8461538461538461,0.823076923076923,0.23076923076923073,5.0,1.0,5.0,5.0,2.0,18.0
002017.SZ,东信和平,SW1通信,2025-09-30,6.3972,6.21,33.7244,40.0299,11.6034,0.7107438016528925,0.525,0.6942148760330579,0.7355371900826446,0.487603305785124,4.0,3.0,4.0,4.0,3.0,18.0
002016.SZ,世荣兆业,SW1房地产,2025-09-30,2.5624,-74.47,26.9178,35.502,1.0413,0.7528089887640449,0.3368421052631579,0.7157894736842105,0.4421052631578947,0.8421052631578947,4.0,2.0,4.0,3.0,5.0,18.0
002014.SZ,永新股份,SW1轻工制造,2025-09-30,12.5269,13.77,22.3324,42.6247,6.9948,0.948051948051948,0.7191780821917808,0.4935064935064935,0.4805194805194805,0.4155844155844156,5.0,4.0,3.0,3.0,3.0,18.0
002104.SZ,恒宝股份,SW1通信,2025-09-30,1.7385,-39.7,29.1737,10.3442,8.6104,0.45454545454545453,0.31666666666666665,0.6115702479338843,0.6694214876033058,0.9586776859504132,3.0,2.0,4.0,4.0,5.0,18.0
002090.SZ,金智科技,SW1电力设备,2025-09-30,3.0676,17.39,28.6424,51.9159,10.8726,0.4768392370572207,0.7207977207977208,0.7972972972972973,0.7702702702702703,0.472972972972973,3.0,4.0,4.0,4.0,3.0,18.0
002083.SZ,孚日股份,SW1纺织服饰,2025-09-30,6.5668,20.24,20.9305,36.429,14.2205,0.7307692307692307,0.8076923076923077,0.34285714285714286,0.7714285714285715,0.4571428571428572,4.0,5.0,2.0,4.0,3.0,18.0
002080.SZ,中材科技,SW1建筑材料,2025-09-30,7.762,-58.59,19.675,56.601,16.6884,0.8873239436619719,0.4507042253521127,0.5211267605633803,0.8591549295774648,0.3098591549295775,5.0,3.0,3.0,5.0,2.0,18.0
002056.SZ,横店东磁,SW1电力设备,2025-09-30,14.2876,-0.0,17.9177,57.9672,17.0293,0.9482288828337875,0.5868945868945868,0.4864864864864865,0.8783783783783784,0.3783783783783784,5.0,3.0,3.0,5.0,2.0,18.0
688072.SH,拓荆科技,SW1电子,2025-09-30,9.7827,3.55,33.2791,67.7236,67.0978,0.8673684210526316,0.5637583892617449,0.7263157894736842,0.9978947368421053,0.07578947368421052,5.0,3.0,4.0,5.0,1.0,18.0
300940.SZ,南极光,SW1电子,2025-09-30,9.7082,-106.76,27.6165,28.3423,22.3143,0.8652631578947368,0.174496644295302,0.5957894736842105,0.8526315789473684,0.6168421052631579,5.0,1.0,3.0,5.0,4.0,18.0
300935.SZ,盈建科,SW1计算机,2025-09-30,-5.8102,26.35,84.8465,5.4728,-77.7373,0.2132132132132132,0.8006134969325154,0.954954954954955,0.03303303303303303,0.96996996996997,2.0,5.0,5.0,1.0,5.0,18.0
300926.SZ,博俊科技,SW1汽车,2025-09-30,21.4542,98.74,26.9888,59.6608,-4.3666,0.9785714285714285,0.9285714285714286,0.8085106382978723,0.10283687943262411,0.2056737588652482,5.0,5.0,5.0,1.0,2.0,18.0
300921.SZ,南凌科技,SW1通信,2025-09-30,2.702,-49.68,33.7539,14.0895,12.2971,0.5041322314049587,0.2916666666666667,0.7024793388429752,0.7603305785123967,0.9008264462809917,3.0,2.0,4.0,4.0,5.0,18.0
688171.SH,纬德信息,SW1计算机,2025-09-30,0.5301,-35.73,50.2278,7.5043,-10.2157,0.524024024024024,0.4662576687116564,0.7447447447447447,0.44144144144144143,0.933933933933934,3.0,3.0,4.0,3.0,5.0,18.0
688160.SH,步科股份,SW1机械设备,2025-09-30,4.3655,-19.71,35.1881,21.7969,7.8037,0.5643939393939394,0.4171539961013645,0.7415094339622641,0.5943396226415094,0.8,3.0,3.0,4.0,3.0,5.0,18.0
688157.SH,松井股份,SW1基础化工,2025-09-30,1.8815,12.02,43.4767,22.1305,5.1972,0.34413965087281795,0.6597938144329897,0.9503722084367245,0.4267990074441687,0.7692307692307692,2.0,4.0,5.0,3.0,4.0,18.0
688249.SH,晶合集成,SW1电子,2025-09-30,2.6034,304.65,25.8972,49.3257,32.8956,0.42105263157894735,0.9619686800894854,0.5410526315789473,0.9473684210526315,0.2778947368421053,3.0,5.0,3.0,5.0,2.0,18.0
688147.SH,微导纳米,SW1电力设备,2025-09-30,8.9365,-16.16,32.345,69.9969,10.3271,0.8446866485013624,0.49002849002849,0.8702702702702703,0.7513513513513513,0.16216216216216217,5.0,3.0,5.0,4.0,1.0,18.0
001324.SZ,长青科技,SW1机械设备,2025-09-30,3.2686,-12.72,30.3329,16.7913,2.7318,0.45265151515151514,0.4775828460038986,0.6018867924528302,0.40943396226415096,0.8830188679245283,3.0,3.0,4.0,3.0,5.0,18.0
001301.SZ,尚太科技,SW1电力设备,2025-09-30,10.9182,15.97,22.4669,38.637,-8.6299,0.9073569482288828,0.7122507122507122,0.6378378378378379,0.1972972972972973,0.7081081081081081,5.0,4.0,4.0,1.0,4.0,18.0
002029.SZ,七 匹 狼,SW1纺织服饰,2025-09-30,6.0155,-0.08,54.4333,31.9359,-1.5375,0.6730769230769231,0.6153846153846154,0.8476190476190476,0.2857142857142857,0.5619047619047619,4.0,4.0,5.0,2.0,3.0,18.0
600749.SH,西藏旅游,SW1社会服务,2025-09-30,3.0759,3.19,36.1311,25.9112,24.7333,0.4358974358974359,0.6666666666666666,0.525,0.6125,0.65,3.0,4.0,3.0,4.0,4.0,18.0
600731.SH,湖南海利,SW1基础化工,2025-09-30,6.2638,1.62,28.9239,25.7984,8.0992,0.7107231920199502,0.5902061855670103,0.7890818858560794,0.5707196029776674,0.7220843672456576,4.0,3.0,4.0,3.0,4.0,18.0
600729.SH,重百集团,SW1商贸零售,2025-09-30,12.9127,0.32,27.8337,58.7946,11.6873,0.9494949494949495,0.6666666666666666,0.5050505050505051,0.6363636363636364,0.36363636363636365,5.0,4.0,3.0,4.0,2.0,18.0
600854.SH,春兰股份,SW1家用电器,2025-09-30,4.9388,-13.27,20.9317,6.8631,24.8283,0.4838709677419355,0.33695652173913043,0.46236559139784944,0.978494623655914,0.989247311827957,3.0,2.0,3.0,5.0,5.0,18.0
688309.SH,恒誉科技,SW1环保,2025-09-30,1.9447,-3.52,30.4448,18.6191,31.6704,0.38461538461538464,0.5038759689922481,0.5923076923076923,0.823076923076923,0.9230769230769231,2.0,3.0,3.0,5.0,5.0,18.0
688191.SH,智洋创新,SW1电力设备,2025-09-30,5.2201,23.75,31.6621,41.182,-9.5288,0.6267029972752044,0.7521367521367521,0.8540540540540541,0.1891891891891892,0.6513513513513514,4.0,4.0,5.0,1.0,4.0,18.0
300387.SZ,富邦科技,SW1基础化工,2025-09-30,5.7067,43.25,25.3957,24.6854,-3.8096,0.6708229426433915,0.8221649484536082,0.6997518610421837,0.13647642679900746,0.7419354838709677,4.0,5.0,4.0,1.0,4.0,18.0
300381.SZ,溢多利,SW1医药生物,2025-09-30,0.7001,2666.92,46.5095,8.9459,9.1425,0.2796610169491525,0.9956896551724138,0.45665961945031713,0.4143763213530655,0.8964059196617337,2.0,5.0,3.0,3.0,5.0,18.0
301611.SZ,珂玛科技,SW1电子,2025-09-30,15.0647,,53.9408,29.7459,22.9879,0.9536842105263158,,0.96,0.8610526315789474,0.5978947368421053,5.0,,5.0,5.0,3.0,18.0
301591.SZ,肯特股份,SW1基础化工,2025-09-30,6.6708,,39.931,8.7805,13.8612,0.7356608478802993,,0.9330024813895782,0.7419354838709677,0.9379652605459057,4.0,,5.0,4.0,5.0,18.0
301589.SZ,诺瓦星云,SW1计算机,2025-09-30,11.8894,,58.342,32.338,12.8614,0.9669669669669669,,0.8258258258258259,0.8378378378378378,0.4864864864864865,5.0,,5.0,5.0,3.0,18.0
300146.SZ,汤臣倍健,SW1食品饮料,2025-09-30,8.1133,-63.58,68.5526,18.5983,18.7421,0.639344262295082,0.19834710743801653,0.9098360655737705,0.7622950819672131,0.7459016393442623,4.0,1.0,5.0,4.0,4.0,18.0
003019.SZ,宸展光电,SW1电子,2025-09-30,9.7904,17.1,23.6638,38.8075,7.3072,0.8694736842105263,0.6442953020134228,0.4926315789473684,0.5052631578947369,0.4378947368421052,5.0,4.0,3.0,3.0,3.0,18.0
300797.SZ,钢研纳克,SW1社会服务,2025-09-30,8.1334,20.2,46.9831,41.1278,1.905,0.7564102564102564,0.8205128205128205,0.65,0.25,0.4375,4.0,5.0,4.0,2.0,3.0,18.0
300795.SZ,米奥会展,SW1社会服务,2025-09-30,5.8687,-17.34,47.0519,34.816,23.7462,0.6153846153846154,0.48717948717948717,0.6625,0.6,0.48750000000000004,4.0,3.0,4.0,4.0,3.0,18.0
300790.SZ,宇瞳光学,SW1计算机,2025-09-30,7.5182,309.19,24.5703,55.9922,11.891,0.8888888888888888,0.9601226993865031,0.2912912912912913,0.8198198198198198,0.16516516516516522,5.0,5.0,2.0,5.0,1.0,18.0
300689.SZ,澄天伟业,SW1通信,2025-09-30,1.8164,36.12,17.4294,12.8602,8.6967,0.47107438016528924,0.7333333333333333,0.32231404958677684,0.6776859504132231,0.9090909090909091,3.0,4.0,2.0,4.0,5.0,18.0
300680.SZ,隆盛科技,SW1汽车,2025-09-30,10.7578,54.43,17.1456,49.4651,8.158,0.8642857142857143,0.8646616541353384,0.4397163120567376,0.5212765957446809,0.3936170212765957,5.0,5.0,3.0,3.0,2.0,18.0
300951.SZ,博硕科技,SW1电子,2025-09-30,6.1822,-18.26,35.8366,19.6902,7.9941,0.6968421052631579,0.44742729306487694,0.7852631578947369,0.5221052631578947,0.7557894736842106,4.0,3.0,4.0,3.0,4.0,18.0
300945.SZ,曼卡龙,SW1纺织服饰,2025-09-30,6.2324,21.53,14.0887,15.3565,1.9909,0.6923076923076923,0.8365384615384616,0.2,0.3904761904761905,0.8571428571428572,4.0,5.0,2.0,2.0,5.0,18.0
688270.SH,ST臻镭,SW1电子,2025-09-30,4.7583,-73.26,82.2559,7.0704,7.1204,0.5852631578947368,0.2080536912751678,0.9978947368421053,0.5010526315789474,0.9642105263157895,3.0,2.0,5.0,3.0,5.0,18.0
300098.SZ,高新兴,SW1通信,2025-09-30,2.3729,133.21,36.6588,42.1298,0.8031,0.4793388429752066,0.8916666666666667,0.768595041322314,0.4049586776859504,0.42148760330578516,3.0,5.0,4.0,3.0,3.0,18.0
300069.SZ,金利华电,SW1电力设备,2025-09-30,2.6024,211.09,32.2027,54.1323,-3.9187,0.4359673024523161,0.9544159544159544,0.8594594594594595,0.3,0.44324324324324327,3.0,5.0,5.0,2.0,3.0,18.0
600694.SH,大商股份,SW1商贸零售,2025-09-30,5.0795,14.18,41.0031,47.5963,6.1955,0.7373737373737373,0.7676767676767676,0.7373737373737373,0.45454545454545453,0.5555555555555556,4.0,4.0,4.0,3.0,3.0,18.0
600693.SH,东百集团,SW1商贸零售,2025-09-30,2.4983,-23.32,57.8083,69.7211,30.5179,0.5858585858585859,0.494949494949495,0.898989898989899,0.9191919191919192,0.26262626262626265,3.0,3.0,5.0,5.0,2.0,18.0
600682.SH,南京新百,SW1综合,2025-09-30,1.2046,-38.84,41.6438,26.4676,11.0101,0.25,0.45,0.95,0.65,0.75,2.0,3.0,5.0,4.0,4.0,18.0
600642.SH,申能股份,SW1公用事业,2025-09-30,8.4027,14.77,22.8361,54.2341,34.9678,0.7851851851851852,0.7185185185185186,0.5294117647058824,0.6544117647058824,0.5073529411764706,4.0,4.0,3.0,4.0,3.0,18.0
600784.SH,鲁银投资,SW1基础化工,2025-09-30,5.0394,11.63,24.4858,40.7666,7.531,0.6184538653366584,0.654639175257732,0.6774193548387096,0.543424317617866,0.43176178660049624,4.0,4.0,4.0,3.0,3.0,18.0
600783.SH,鲁信创投,SW1机械设备,2025-09-30,6.8049,-37.08,39.3143,48.7221,32.532,0.7386363636363636,0.3001949317738791,0.8339622641509434,0.9622641509433962,0.32830188679245287,4.0,2.0,5.0,5.0,2.0,18.0
600769.SH,祥龙电业,SW1环保,2025-09-30,15.4255,5.38,29.623,69.2394,89.4901,0.9923076923076923,0.6046511627906976,0.5769230769230769,0.9923076923076923,0.1461538461538462,5.0,4.0,3.0,5.0,1.0,18.0
688268.SH,华特气体,SW1电子,2025-09-30,6.0206,6.81,33.7814,41.8401,17.7175,0.6821052631578948,0.5850111856823266,0.7410526315789474,0.7810526315789473,0.4063157894736842,4.0,3.0,4.0,4.0,3.0,18.0
688236.SH,春立医疗,SW1医药生物,2025-09-30,6.5993,-55.13,67.2725,15.6507,23.088,0.7033898305084746,0.2650862068965517,0.7632135306553911,0.7970401691331924,0.7441860465116279,4.0,2.0,4.0,4.0,4.0,18.0
688232.SH,新点软件,SW1计算机,2025-09-30,-1.967,4.44,61.2757,16.3886,-13.737,0.3633633633633634,0.7085889570552147,0.8558558558558559,0.4024024024024024,0.7747747747747747,2.0,4.0,5.0,3.0,4.0,18.0
001225.SZ,和泰机电,SW1机械设备,2025-09-30,2.2436,-49.47,35.0378,10.651,16.9431,0.35795454545454547,0.23976608187134502,0.7396226415094339,0.8245283018867925,0.9660377358490566,2.0,2.0,4.0,5.0,5.0,18.0
001223.SZ,欧克科技,SW1机械设备,2025-09-30,4.8214,-68.76,31.2933,22.2494,15.6139,0.6060606060606061,0.20272904483430798,0.6452830188679245,0.7867924528301887,0.7924528301886793,4.0,2.0,4.0,4.0,4.0,18.0
001221.SZ,悍高集团,SW1轻工制造,2025-09-30,21.5514,,37.7701,35.6502,31.6827,1.0,,0.9155844155844156,0.9805194805194806,0.5714285714285714,5.0,,5.0,5.0,3.0,18.0
600601.SH,方正科技,SW1电子,2025-09-30,7.3885,90.55,23.0559,49.8485,16.0649,0.7726315789473684,0.87248322147651,0.47157894736842104,0.7473684210526316,0.2694736842105263,4.0,5.0,3.0,4.0,2.0,18.0
600570.SH,恒生电子,SW1计算机,2025-09-30,5.1402,-27.91,68.9999,31.4193,-19.1916,0.8198198198198198,0.5306748466257669,0.9069069069069069,0.3153153153153153,0.5075075075075075,5.0,3.0,5.0,2.0,3.0,18.0
600720.SH,中交设计,SW1建筑装饰,2025-09-30,4.9678,-0.79,26.5874,48.4963,-17.7828,0.7872340425531915,0.6482758620689655,0.8137931034482758,0.1780821917808219,0.6986301369863014,4.0,4.0,5.0,1.0,4.0,18.0
300140.SZ,节能环境,SW1环保,2025-09-30,6.398,-16.14,38.6708,52.5184,39.3372,0.7230769230769231,0.3953488372093023,0.7769230769230769,0.8923076923076924,0.46923076923076923,4.0,2.0,4.0,5.0,3.0,18.0
300138.SZ,晨光生物,SW1农林牧渔,2025-09-30,9.4297,-84.22,14.4806,57.4479,46.2937,0.8585858585858586,0.4174757281553398,0.5882352941176471,0.9607843137254902,0.33009708737864074,5.0,3.0,3.0,5.0,2.0,18.0
300137.SZ,先河环保,SW1环保,2025-09-30,0.3397,27.43,40.8018,17.9551,-20.3108,0.3153846153846154,0.8217054263565892,0.8384615384615385,0.08461538461538462,0.9384615384615385,2.0,5.0,5.0,1.0,5.0,18.0
300136.SZ,信维通信,SW1电子,2025-09-30,6.4918,24.9,21.5295,43.4258,20.027,0.7221052631578947,0.6957494407158836,0.42526315789473684,0.8189473684210526,0.38315789473684214,4.0,4.0,3.0,5.0,2.0,18.0
300248.SZ,新开普,SW1计算机,2025-09-30,-0.1952,3.16,54.0419,19.4021,-4.8635,0.4744744744744745,0.6993865030674846,0.7867867867867868,0.5345345345345346,0.7147147147147147,3.0,4.0,4.0,3.0,4.0,18.0
000962.SZ,东方钽业,SW1有色金属,2025-09-30,7.7937,12.66,18.1065,22.7368,-19.9506,0.6222222222222222,0.6046511627906976,0.6592592592592592,0.044444444444444446,0.8814814814814815,4.0,4.0,4.0,1.0,5.0,18.0
688307.SH,中润光学,SW1电子,2025-09-30,4.539,46.38,32.3241,33.3487,9.8838,0.5705263157894737,0.8008948545861297,0.7031578947368421,0.5663157894736842,0.5347368421052632,3.0,5.0,4.0,3.0,3.0,18.0
688301.SH,奕瑞科技,SW1医药生物,2025-09-30,8.7827,-25.52,51.9845,46.4102,70.9304,0.8283898305084746,0.4073275862068966,0.53276955602537,0.9957716701902748,0.21353065539112048,5.0,3.0,3.0,5.0,2.0,18.0
000960.SZ,锡业股份,SW1有色金属,2025-09-30,8.1578,2.88,11.3893,37.0293,9.3877,0.6518518518518519,0.5116279069767442,0.4,0.6962962962962963,0.6666666666666667,4.0,3.0,3.0,4.0,4.0,18.0
001289.SZ,龙源电力,SW1公用事业,2025-09-30,5.889,21.2,39.1114,65.8789,71.0315,0.5555555555555556,0.7925925925925926,0.7941176470588235,0.8970588235294118,0.25,3.0,4.0,4.0,5.0,2.0,18.0
001285.SZ,瑞立科密,SW1汽车,2025-09-30,8.8046,,27.9138,25.0431,12.9334,0.725,,0.8368794326241135,0.6985815602836879,0.8049645390070922,4.0,,5.0,4.0,5.0,18.0
001283.SZ,豪鹏科技,SW1电力设备,2025-09-30,5.9581,81.43,19.5189,59.6651,8.6639,0.6730245231607629,0.8774928774928775,0.5459459459459459,0.7054054054054054,0.3648648648648649,4.0,5.0,3.0,4.0,2.0,18.0
001230.SZ,劲旅环境,SW1环保,2025-09-30,6.61,19.79,27.3223,38.1697,4.0536,0.7461538461538462,0.751937984496124,0.5,0.4076923076923077,0.7384615384615385,4.0,4.0,3.0,3.0,4.0,18.0
600050.SH,中国联通,SW1通信,2025-09-30,5.2093,10.09,26.9698,43.4486,19.9202,0.6776859504132231,0.6083333333333333,0.5702479338842975,0.859504132231405,0.38842975206611574,4.0,4.0,3.0,5.0,2.0,18.0
600237.SH,铜峰电子,SW1电子,2025-09-30,4.266,18.17,25.2734,26.2212,14.4188,0.5473684210526316,0.6554809843400448,0.5284210526315789,0.7052631578947368,0.6589473684210526,3.0,4.0,3.0,4.0,4.0,18.0
300275.SZ,梅安森,SW1计算机,2025-09-30,4.3133,24.28,46.1591,29.2708,-4.5333,0.7837837837837838,0.7944785276073619,0.6846846846846847,0.5405405405405406,0.5525525525525525,4.0,4.0,4.0,3.0,3.0,18.0
300272.SZ,开能健康,SW1家用电器,2025-09-30,7.1703,-26.08,40.0551,51.8874,14.4912,0.6236559139784946,0.32608695652173914,0.8924731182795699,0.8494623655913979,0.29032258064516125,4.0,2.0,5.0,5.0,2.0,18.0
300229.SZ,拓尔思,SW1计算机,2025-09-30,-3.9574,-392.25,60.2359,7.4575,10.6425,0.26126126126126126,0.06441717791411043,0.8438438438438438,0.8048048048048048,0.9369369369369369,2.0,1.0,5.0,5.0,5.0,18.0
300228.SZ,富瑞特装,SW1机械设备,2025-09-30,7.5951,50.12,23.0705,37.3984,10.151,0.7859848484848485,0.8752436647173489,0.3471698113207547,0.6547169811320754,0.5339622641509434,4.0,5.0,2.0,4.0,3.0,18.0
300987.SZ,川网传媒,SW1传媒,2025-09-30,1.0853,-23.82,27.7102,27.9191,32.1758,0.4153846153846154,0.5581395348837209,0.46923076923076923,0.8846153846153846,0.6538461538461539,3.0,3.0,3.0,5.0,4.0,18.0
300986.SZ,志特新材,SW1建筑装饰,2025-09-30,6.4533,-335.37,28.7223,61.7968,6.8825,0.8865248226950354,0.0896551724137931,0.8275862068965517,0.7945205479452054,0.48630136986301364,5.0,1.0,5.0,4.0,3.0,18.0
300983.SZ,尤安设计,SW1建筑装饰,2025-09-30,-0.6275,-5181.01,32.1336,3.1951,75.3736,0.3049645390070922,0.013793103448275862,0.8689655172413793,0.9863013698630136,0.9931506849315068,2.0,1.0,5.0,5.0,5.0,18.0
300980.SZ,祥源新材,SW1基础化工,2025-09-30,2.8962,-37.65,29.2921,8.8883,6.4675,0.428927680798005,0.3711340206185567,0.8039702233250621,0.4913151364764268,0.935483870967742,3.0,2.0,5.0,3.0,5.0,18.0
300873.SZ,海晨股份,SW1交通运输,2025-09-30,6.631,4.08,25.9798,32.4584,18.0093,0.664,0.5403225806451613,0.64,0.44,0.6639999999999999,4.0,3.0,4.0,3.0,4.0,18.0
300785.SZ,值得买,SW1传媒,2025-09-30,0.7092,1.3,49.5194,20.5416,-4.3809,0.3769230769230769,0.7674418604651163,0.8,0.24615384615384617,0.8,2.0,4.0,5.0,2.0,5.0,18.0
300775.SZ,三角防务,SW1国防军工,2025-09-30,6.3834,-49.12,42.8964,30.0194,-3.1411,0.8432835820895522,0.38461538461538464,0.7835820895522388,0.6194029850746269,0.5597014925373134,5.0,2.0,4.0,4.0,3.0,18.0
300774.SZ,倍杰特,SW1环保,2025-09-30,7.0819,23.87,28.6671,36.1739,-6.1674,0.8,0.7984496124031008,0.5538461538461539,0.2076923076923077,0.7769230769230769,5.0,4.0,3.0,2.0,4.0,18.0
000997.SZ,新 大 陆,SW1计算机,2025-09-30,13.0738,10.29,35.7387,44.765,2.1398,0.975975975975976,0.7423312883435583,0.5165165165165165,0.6726726726726727,0.2912912912912913,5.0,4.0,3.0,4.0,2.0,18.0
600428.SH,中远海特,SW1交通运输,2025-09-30,9.1319,60.1,21.4911,57.9238,25.6604,0.872,0.9193548387096774,0.544,0.544,0.28800000000000003,5.0,5.0,3.0,3.0,2.0,18.0
600208.SH,衢州发展,SW1房地产,2025-09-30,1.2956,-9.59,21.6054,56.6647,11.8797,0.651685393258427,0.5894736842105263,0.6210526315789474,0.5684210526315789,0.6526315789473685,4.0,3.0,4.0,3.0,4.0,18.0
300221.SZ,银禧科技,SW1基础化工,2025-09-30,6.0959,84.19,19.7176,35.7566,4.866,0.6957605985037406,0.884020618556701,0.543424317617866,0.4143920595533499,0.5359801488833746,4.0,5.0,3.0,3.0,3.0,18.0
600558.SH,大西洋,SW1机械设备,2025-09-30,5.981,50.08,16.4183,19.9326,5.9052,0.696969696969697,0.8732943469785575,0.16037735849056603,0.5132075471698113,0.8283018867924529,4.0,5.0,1.0,3.0,5.0,18.0
600546.SH,山煤国际,SW1煤炭,2025-09-30,6.3668,-53.55,34.7063,49.7149,14.4754,0.7878787878787878,0.3333333333333333,0.8787878787878788,0.696969696969697,0.5454545454545454,4.0,2.0,5.0,4.0,3.0,18.0
600177.SH,雅戈尔,SW1纺织服饰,2025-09-30,5.5921,-21.48,51.9681,41.3935,9.8567,0.6346153846153846,0.4326923076923077,0.8285714285714286,0.638095238095238,0.33333333333333337,4.0,3.0,5.0,4.0,2.0,18.0
000869.SZ,张 裕Ａ,SW1食品饮料,2025-09-30,1.7797,-40.25,58.0583,12.7817,16.9148,0.319672131147541,0.2809917355371901,0.8360655737704918,0.7049180327868853,0.8852459016393442,2.0,2.0,5.0,4.0,5.0,18.0
688322.SH,奥比中光-W,SW1电子,2025-09-30,3.6967,-77.17,42.796,12.3804,16.4826,0.5052631578947369,0.19686800894854586,0.888421052631579,0.7578947368421053,0.8863157894736842,3.0,1.0,5.0,4.0,5.0,18.0
688317.SH,之江生物,SW1医药生物,2025-09-30,-0.8357,-6.86,62.6254,8.7923,36.1289,0.1885593220338983,0.521551724137931,0.6871035940803383,0.959830866807611,0.9006342494714588,1.0,3.0,4.0,5.0,5.0,18.0
688410.SH,XD山外山,SW1医药生物,2025-09-30,6.0404,-66.7,48.5237,18.9132,28.4532,0.663135593220339,0.22198275862068967,0.49471458773784355,0.8900634249471459,0.6553911205073996,4.0,2.0,3.0,5.0,4.0,18.0
688403.SH,汇成股份,SW1电子,2025-09-30,3.7223,-18.48,22.6172,28.252,36.7947,0.511578947368421,0.4451901565995526,0.45052631578947366,0.9663157894736842,0.6189473684210527,3.0,3.0,3.0,5.0,4.0,18.0
688376.SH,美埃科技,SW1环保,2025-09-30,7.5682,11.25,27.5342,49.164,11.7632,0.8384615384615385,0.6511627906976745,0.5153846153846153,0.5307692307692308,0.5846153846153845,5.0,4.0,3.0,3.0,3.0,18.0
688370.SH,丛麟科技,SW1环保,2025-09-30,0.5805,39.11,24.2893,14.7873,23.8739,0.3230769230769231,0.8372093023255814,0.35384615384615387,0.7538461538461538,0.9538461538461538,2.0,5.0,2.0,4.0,5.0,18.0
688332.SH,中科蓝讯,SW1电子,2025-09-30,5.2241,19.27,22.5897,7.852,-1.2497,0.6273684210526316,0.6621923937360179,0.44842105263157894,0.2336842105263158,0.9473684210526316,4.0,4.0,3.0,2.0,5.0,18.0
000830.SZ,鲁西化工,SW1基础化工,2025-09-30,5.4231,147.73,12.622,46.6153,18.1732,0.6483790523690773,0.9407216494845361,0.3027295285359802,0.8436724565756824,0.3424317617866005,4.0,5.0,2.0,5.0,2.0,18.0
600062.SH,华润双鹤,SW1医药生物,2025-09-30,12.423,-0.8,59.3057,28.5237,13.8495,0.9088983050847458,0.5732758620689655,0.638477801268499,0.5517970401691332,0.4630021141649049,5.0,3.0,4.0,3.0,3.0,18.0
600051.SH,宁波联合,SW1综合,2025-09-30,1.9835,-16.16,7.8513,23.671,47.8735,0.5,0.55,0.25,1.0,0.85,3.0,3.0,2.0,5.0,5.0,18.0
688799.SH,华纳药厂,SW1医药生物,2025-09-30,10.9141,-28.12,60.7954,28.3628,19.0002,0.864406779661017,0.3900862068965517,0.6596194503171248,0.7008456659619451,0.46723044397463,5.0,2.0,4.0,4.0,3.0,18.0
688663.SH,新风光,SW1电力设备,2025-09-30,5.978,5.47,23.118,59.1551,5.6371,0.6811989100817438,0.6125356125356125,0.6513513513513514,0.6162162162162163,0.37297297297297294,4.0,4.0,4.0,4.0,2.0,18.0
688721.SH,龙图光罩,SW1电子,2025-09-30,4.2976,,48.6276,13.8118,23.6906,0.5494736842105263,,0.9242105263157895,0.8694736842105263,0.8526315789473684,3.0,,5.0,5.0,5.0,18.0
300830.SZ,金现代,SW1计算机,2025-09-30,-2.8576,-5.97,37.4102,7.8514,3.3461,0.3123123123123123,0.6503067484662577,0.5495495495495496,0.6906906906906907,0.9279279279279279,2.0,4.0,3.0,4.0,5.0,18.0
300829.SZ,金丹科技,SW1基础化工,2025-09-30,6.2073,-87.09,23.2297,32.0647,21.6923,0.7057356608478803,0.18814432989690721,0.6451612903225806,0.8858560794044665,0.6004962779156328,4.0,1.0,4.0,5.0,4.0,18.0
300953.SZ,震裕科技,SW1电力设备,2025-09-30,11.3319,493.77,15.7112,64.4286,3.6339,0.9155313351498637,0.9886039886039886,0.42162162162162165,0.5540540540540541,0.26216216216216215,5.0,5.0,3.0,3.0,2.0,18.0
300952.SZ,恒辉安防,SW1纺织服饰,2025-09-30,5.6353,13.15,23.4347,37.9844,13.3239,0.6442307692307693,0.7403846153846154,0.4,0.7333333333333333,0.4,4.0,4.0,3.0,4.0,3.0,18.0
688610.SH,埃科光电,SW1机械设备,2025-09-30,3.8353,-0.18,41.1576,12.6758,-2.0985,0.5132575757575758,0.5730994152046783,0.8603773584905661,0.2830188679245283,0.9377358490566038,3.0,3.0,5.0,2.0,5.0,18.0
000595.SZ,新能股份,SW1公用事业,2025-09-30,15.0101,3.85,34.4241,88.0014,72.2119,0.9925925925925926,0.5777777777777777,0.7573529411764706,0.9191176470588235,0.03676470588235292,5.0,3.0,4.0,5.0,1.0,18.0
300201.SZ,海伦哲,SW1机械设备,2025-09-30,10.942,10.19,30.9618,35.8939,-1.6415,0.8996212121212122,0.6881091617933723,0.6320754716981132,0.2943396226415094,0.5622641509433962,5.0,4.0,4.0,2.0,3.0,18.0
300320.SZ,海达股份,SW1基础化工,2025-09-30,6.9574,21.67,18.9859,32.7158,9.8307,0.7581047381546134,0.7268041237113402,0.5260545905707196,0.6352357320099256,0.5905707196029777,4.0,4.0,3.0,4.0,3.0,18.0
300315.SZ,掌趣科技,SW1传媒,2025-09-30,1.5607,-40.68,73.485,7.7307,-1.2083,0.4461538461538462,0.40310077519379844,0.9384615384615385,0.36923076923076925,0.9692307692307692,3.0,3.0,5.0,2.0,5.0,18.0
300307.SZ,慈星股份,SW1机械设备,2025-09-30,3.7657,165.45,31.1003,27.1128,-3.4121,0.5018939393939394,0.9649122807017544,0.6377358490566037,0.2528301886792453,0.709433962264151,3.0,5.0,4.0,2.0,4.0,18.0
300298.SZ,三诺生物,SW1医药生物,2025-09-30,6.3202,76.6,48.9061,41.1916,15.5571,0.6864406779661016,0.8879310344827587,0.49682875264270615,0.6046511627906976,0.266384778012685,4.0,5.0,3.0,4.0,2.0,18.0
300294.SZ,博雅生物,SW1医药生物,2025-09-30,4.5252,59.79,54.2037,12.0849,1.7715,0.5508474576271186,0.8793103448275862,0.572938689217759,0.24735729386892177,0.8308668076109936,3.0,5.0,3.0,2.0,5.0,18.0
600162.SH,香江控股,SW1房地产,2025-09-30,-0.8942,136.54,34.2101,66.1234,-2.7712,0.4044943820224719,0.9052631578947369,0.8210526315789474,0.3894736842105263,0.4526315789473684,3.0,5.0,5.0,2.0,3.0,18.0
603266.SH,天龙股份,SW1汽车,2025-09-30,5.3876,-1.18,23.1467,25.8981,11.3815,0.4928571428571429,0.48120300751879697,0.7092198581560284,0.6453900709219859,0.7978723404255319,3.0,3.0,4.0,4.0,4.0,18.0
603367.SH,辰欣药业,SW1医药生物,2025-09-30,6.313,-2.0,55.0812,18.722,23.0236,0.684322033898305,0.5603448275862069,0.5835095137420718,0.7928118393234672,0.6659619450317125,4.0,3.0,3.0,4.0,4.0,18.0
603365.SH,水星家纺,SW1纺织服饰,2025-09-30,7.7618,-3.28,44.1838,20.4227,0.2558,0.7980769230769231,0.6057692307692307,0.7238095238095238,0.3142857142857143,0.7714285714285715,4.0,4.0,4.0,2.0,4.0,18.0
603228.SH,景旺电子,SW1电子,2025-09-30,7.8756,27.35,21.6013,43.0527,13.782,0.8021052631578948,0.7024608501118568,0.42736842105263156,0.6863157894736842,0.3894736842105263,5.0,4.0,3.0,4.0,2.0,18.0
603227.SH,雪峰科技,SW1基础化工,2025-09-30,7.8782,-20.57,22.1263,27.6079,2.3675,0.8029925187032418,0.46649484536082475,0.6178660049627791,0.3176178660049628,0.6774193548387097,5.0,3.0,4.0,2.0,4.0,18.0
000633.SZ,合金投资,SW1有色金属,2025-09-30,3.7654,161.13,14.4978,32.917,7.4256,0.25925925925925924,0.9457364341085271,0.5407407407407407,0.6296296296296297,0.7333333333333334,2.0,5.0,3.0,4.0,4.0,18.0
000514.SZ,渝 开 发,SW1房地产,2025-09-30,4.3467,-236.85,17.9172,43.8577,30.4767,0.8539325842696629,0.17894736842105263,0.5157894736842106,0.8,0.7473684210526316,5.0,1.0,3.0,5.0,4.0,18.0
000501.SZ,武商集团,SW1商贸零售,2025-09-30,1.1658,3.02,50.1068,64.7094,15.2806,0.42424242424242425,0.7070707070707071,0.8282828282828283,0.797979797979798,0.303030303030303,3.0,4.0,5.0,4.0,2.0,18.0
000026.SZ,飞亚达,SW1纺织服饰,2025-09-30,3.6939,-33.86,35.8802,13.7773,13.9786,0.5,0.33653846153846156,0.6285714285714286,0.7619047619047619,0.9142857142857143,3.0,2.0,4.0,4.0,5.0,18.0
000014.SZ,沙河股份,SW1房地产,2025-09-30,-2.0046,-96.76,21.4782,29.1382,275.7335,0.3595505617977528,0.2736842105263158,0.6105263157894737,1.0,0.9263157894736842,2.0,2.0,4.0,5.0,5.0,18.0
000006.SZ,深振业Ａ,SW1房地产,2025-09-30,-0.1296,94.23,18.5352,64.218,22.7362,0.4606741573033708,0.8947368421052632,0.5368421052631579,0.7263157894736842,0.5157894736842106,3.0,5.0,3.0,4.0,3.0,18.0
000422.SZ,湖北宜化,SW1基础化工,2025-09-30,11.2928,11.09,18.4829,74.6676,16.2634,0.912718204488778,0.6520618556701031,0.511166253101737,0.8014888337468983,0.037220843672456594,5.0,4.0,3.0,5.0,1.0,18.0
000848.SZ,承德露露,SW1食品饮料,2025-09-30,11.0288,4.39,45.62,25.4398,12.1256,0.8114754098360656,0.5619834710743802,0.7622950819672131,0.5245901639344263,0.5819672131147541,5.0,3.0,4.0,3.0,3.0,18.0
688579.SH,地纬智能,SW1计算机,2025-09-30,2.2898,-21.04,51.2351,15.3025,-13.124,0.6846846846846847,0.5613496932515337,0.7597597597597597,0.4114114114114114,0.7897897897897898,4.0,3.0,4.0,3.0,4.0,18.0
300882.SZ,万胜智能,SW1电力设备,2025-09-30,13.2868,-52.45,34.2254,36.3416,-3.0449,0.9400544959128065,0.33048433048433046,0.8972972972972973,0.32432432432432434,0.7378378378378379,5.0,2.0,5.0,2.0,4.0,18.0
688597.SH,煜邦电力,SW1电力设备,2025-09-30,4.1231,201.88,30.24,54.5403,-3.1411,0.547683923705722,0.9515669515669516,0.8216216216216217,0.3216216216216216,0.427027027027027,3.0,5.0,5.0,2.0,3.0,18.0
